Source SGT:String(32):Required,Destination SGT:String(32):Required,SGACL Name:String(32):Required,Rule Status:String(enabled|disabled|monitor):Required
AP,AP,AllowWeb,Enabled
AP,AUT,EMPTY,Enabled
AP,Abelardo,EMPTY,Enabled
AP,COR,EMPTY,Enabled
AP,EKO,EMPTY,Enabled
AP,EXT,EMPTY,Enabled
AP,FMC,EMPTY,Enabled
AP,GuestMobile,EMPTY,Enabled
AP,GuestWS,EMPTY,Enabled
AP,Guests,EMPTY,Enabled
AP,JuanP,EMPTY,Enabled
AP,LAB1,EMPTY,Enabled
AP,LAB2,EMPTY,Enabled
AP,Lorenzo,EMPTY,Enabled
AP,Luis,EMPTY,Enabled
AP,MM,EMPTY,Enabled
AP,MariLuz,EMPTY,Enabled
AP,PACO,EMPTY,Enabled
AP,PRINT,EMPTY,Enabled
AP,Quarantined_Systems,EMPTY,Enabled
AP,REPSOL,EMPTY,Enabled
AP,TESTSGT21,EMPTY,Enabled
AP,TESTSGT22,EMPTY,Enabled
AP,TESTSGT23,EMPTY,Enabled
AP,TESTSGT3,EMPTY,Enabled
AP,TESTSGT4,EMPTY,Enabled
AP,TESTSGT5,EMPTY,Enabled
AP,TESTSGT6,EMPTY,Enabled
AP,TESTSGT7,EMPTY,Enabled
AP,TESTSGT8,EMPTY,Enabled
AP,THIN,EMPTY,Enabled
AP,TLF,EMPTY,Enabled
AP,TOIP,EMPTY,Enabled
AP,UPS,EMPTY,Enabled
AP,Unknown,EMPTY,Enabled
AP,VISIT,EMPTY,Enabled
AP,WCOR,EMPTY,Enabled
AP,WGUEST,EMPTY,Enabled
AP,WINT,EMPTY,Enabled
AP,WMIR,EMPTY,Enabled
AP,WPDA,EMPTY,Enabled
AP,WVOIP,EMPTY,Enabled
AP,asier,EMPTY,Enabled
AP,dddd,Permit IP,Enabled
AP,istvan,EMPTY,Enabled
AP,istvan3,EMPTY,Enabled
AUT,AP,EMPTY,Enabled
AUT,AUT,EMPTY,Enabled
AUT,Abelardo,EMPTY,Enabled
AUT,COR,EMPTY,Enabled
AUT,EKO,EMPTY,Enabled
AUT,EXT,TESTSDA,Enabled
AUT,FMC,EMPTY,Enabled
AUT,GuestMobile,EMPTY,Enabled
AUT,GuestWS,EMPTY,Enabled
AUT,Guests,EMPTY,Enabled
AUT,JuanP,EMPTY,Enabled
AUT,LAB1,EMPTY,Enabled
AUT,LAB2,EMPTY,Enabled
AUT,Lorenzo,EMPTY,Enabled
AUT,Luis,EMPTY,Enabled
AUT,MM,EMPTY,Enabled
AUT,MariLuz,EMPTY,Enabled
AUT,PACO,EMPTY,Enabled
AUT,PRINT,EMPTY,Enabled
AUT,Quarantined_Systems,EMPTY,Enabled
AUT,REPSOL,EMPTY,Enabled
AUT,TESTSGT21,EMPTY,Enabled
AUT,TESTSGT22,EMPTY,Enabled
AUT,TESTSGT23,EMPTY,Enabled
AUT,TESTSGT3,EMPTY,Enabled
AUT,TESTSGT4,EMPTY,Enabled
AUT,TESTSGT5,EMPTY,Enabled
AUT,TESTSGT6,EMPTY,Enabled
AUT,TESTSGT7,EMPTY,Enabled
AUT,TESTSGT8,EMPTY,Enabled
AUT,THIN,EMPTY,Enabled
AUT,TLF,EMPTY,Enabled
AUT,TOIP,EMPTY,Enabled
AUT,UPS,EMPTY,Enabled
AUT,Unknown,EMPTY,Enabled
AUT,VISIT,EMPTY,Enabled
AUT,WCOR,EMPTY,Enabled
AUT,WGUEST,EMPTY,Enabled
AUT,WINT,EMPTY,Enabled
AUT,WMIR,EMPTY,Enabled
AUT,WPDA,EMPTY,Enabled
AUT,WVOIP,EMPTY,Enabled
AUT,asier,EMPTY,Enabled
AUT,dddd,EMPTY,Enabled
AUT,istvan,EMPTY,Enabled
AUT,istvan3,EMPTY,Enabled
Abelardo,AP,EMPTY,Enabled
Abelardo,AUT,EMPTY,Enabled
Abelardo,Abelardo,Permit IP,Enabled
Abelardo,COR,EMPTY,Enabled
Abelardo,EKO,EMPTY,Enabled
Abelardo,EXT,EMPTY,Enabled
Abelardo,FMC,EMPTY,Enabled
Abelardo,GuestMobile,EMPTY,Enabled
Abelardo,GuestWS,EMPTY,Enabled
Abelardo,Guests,EMPTY,Enabled
Abelardo,JuanP,EMPTY,Enabled
Abelardo,LAB1,EMPTY,Enabled
Abelardo,LAB2,EMPTY,Enabled
Abelardo,Lorenzo,EMPTY,Enabled
Abelardo,Luis,EMPTY,Enabled
Abelardo,MM,EMPTY,Enabled
Abelardo,MariLuz,EMPTY,Enabled
Abelardo,PACO,EMPTY,Enabled
Abelardo,PRINT,EMPTY,Enabled
Abelardo,Quarantined_Systems,EMPTY,Enabled
Abelardo,REPSOL,EMPTY,Enabled
Abelardo,TESTSGT21,EMPTY,Enabled
Abelardo,TESTSGT22,EMPTY,Enabled
Abelardo,TESTSGT23,EMPTY,Enabled
Abelardo,TESTSGT3,EMPTY,Enabled
Abelardo,TESTSGT4,EMPTY,Enabled
Abelardo,TESTSGT5,EMPTY,Enabled
Abelardo,TESTSGT6,EMPTY,Enabled
Abelardo,TESTSGT7,EMPTY,Enabled
Abelardo,TESTSGT8,EMPTY,Enabled
Abelardo,THIN,EMPTY,Enabled
Abelardo,TLF,EMPTY,Enabled
Abelardo,TOIP,EMPTY,Enabled
Abelardo,UPS,EMPTY,Enabled
Abelardo,Unknown,EMPTY,Enabled
Abelardo,VISIT,EMPTY,Enabled
Abelardo,WCOR,EMPTY,Enabled
Abelardo,WGUEST,EMPTY,Enabled
Abelardo,WINT,EMPTY,Enabled
Abelardo,WMIR,EMPTY,Enabled
Abelardo,WPDA,EMPTY,Enabled
Abelardo,WVOIP,EMPTY,Enabled
Abelardo,asier,Permit IP,Enabled
Abelardo,dddd,EMPTY,Enabled
Abelardo,istvan,EMPTY,Enabled
Abelardo,istvan3,EMPTY,Enabled
COR,AP,EMPTY,Enabled
COR,AUT,EMPTY,Enabled
COR,Abelardo,EMPTY,Enabled
COR,COR,EMPTY,Enabled
COR,EKO,EMPTY,Enabled
COR,EXT,EMPTY,Enabled
COR,FMC,EMPTY,Enabled
COR,GuestMobile,EMPTY,Enabled
COR,GuestWS,EMPTY,Enabled
COR,Guests,EMPTY,Enabled
COR,JuanP,EMPTY,Enabled
COR,LAB1,EMPTY,Enabled
COR,LAB2,EMPTY,Enabled
COR,Lorenzo,EMPTY,Enabled
COR,Luis,EMPTY,Enabled
COR,MM,EMPTY,Enabled
COR,MariLuz,EMPTY,Enabled
COR,PACO,EMPTY,Enabled
COR,PRINT,EMPTY,Enabled
COR,Quarantined_Systems,EMPTY,Enabled
COR,REPSOL,EMPTY,Enabled
COR,TESTSGT21,EMPTY,Enabled
COR,TESTSGT22,EMPTY,Enabled
COR,TESTSGT23,EMPTY,Enabled
COR,TESTSGT3,EMPTY,Enabled
COR,TESTSGT4,EMPTY,Enabled
COR,TESTSGT5,EMPTY,Enabled
COR,TESTSGT6,EMPTY,Enabled
COR,TESTSGT7,EMPTY,Enabled
COR,TESTSGT8,EMPTY,Enabled
COR,THIN,EMPTY,Enabled
COR,TLF,EMPTY,Enabled
COR,TOIP,EMPTY,Enabled
COR,UPS,EMPTY,Enabled
COR,Unknown,EMPTY,Enabled
COR,VISIT,EMPTY,Enabled
COR,WCOR,EMPTY,Enabled
COR,WGUEST,EMPTY,Enabled
COR,WINT,EMPTY,Enabled
COR,WMIR,EMPTY,Enabled
COR,WPDA,EMPTY,Enabled
COR,WVOIP,EMPTY,Enabled
COR,asier,AllowWeb,Enabled
COR,dddd,EMPTY,Enabled
COR,istvan,EMPTY,Enabled
COR,istvan3,EMPTY,Enabled
EKO,AP,EMPTY,Enabled
EKO,AUT,TESTSDA,Enabled
EKO,Abelardo,EMPTY,Enabled
EKO,COR,EMPTY,Enabled
EKO,EKO,EMPTY,Enabled
EKO,EXT,EMPTY,Enabled
EKO,FMC,EMPTY,Enabled
EKO,GuestMobile,EMPTY,Enabled
EKO,GuestWS,EMPTY,Enabled
EKO,Guests,EMPTY,Enabled
EKO,JuanP,EMPTY,Enabled
EKO,LAB1,EMPTY,Enabled
EKO,LAB2,EMPTY,Enabled
EKO,Lorenzo,EMPTY,Enabled
EKO,Luis,EMPTY,Enabled
EKO,MM,EMPTY,Enabled
EKO,MariLuz,EMPTY,Enabled
EKO,PACO,EMPTY,Enabled
EKO,PRINT,EMPTY,Enabled
EKO,Quarantined_Systems,EMPTY,Enabled
EKO,REPSOL,EMPTY,Enabled
EKO,TESTSGT21,EMPTY,Enabled
EKO,TESTSGT22,EMPTY,Enabled
EKO,TESTSGT23,EMPTY,Enabled
EKO,TESTSGT3,EMPTY,Enabled
EKO,TESTSGT4,EMPTY,Enabled
EKO,TESTSGT5,EMPTY,Enabled
EKO,TESTSGT6,EMPTY,Enabled
EKO,TESTSGT7,EMPTY,Enabled
EKO,TESTSGT8,EMPTY,Enabled
EKO,THIN,EMPTY,Enabled
EKO,TLF,EMPTY,Enabled
EKO,TOIP,EMPTY,Enabled
EKO,UPS,EMPTY,Enabled
EKO,Unknown,EMPTY,Enabled
EKO,VISIT,EMPTY,Enabled
EKO,WCOR,EMPTY,Enabled
EKO,WGUEST,EMPTY,Enabled
EKO,WINT,EMPTY,Enabled
EKO,WMIR,EMPTY,Enabled
EKO,WPDA,EMPTY,Enabled
EKO,WVOIP,EMPTY,Enabled
EKO,asier,EMPTY,Enabled
EKO,dddd,EMPTY,Enabled
EKO,istvan,EMPTY,Enabled
EKO,istvan3,EMPTY,Enabled
EXT,AP,EMPTY,Enabled
EXT,AUT,EMPTY,Enabled
EXT,Abelardo,EMPTY,Enabled
EXT,COR,EMPTY,Enabled
EXT,EKO,EMPTY,Enabled
EXT,EXT,EMPTY,Enabled
EXT,FMC,EMPTY,Enabled
EXT,GuestMobile,EMPTY,Enabled
EXT,GuestWS,EMPTY,Enabled
EXT,Guests,EMPTY,Enabled
EXT,JuanP,EMPTY,Enabled
EXT,LAB1,EMPTY,Enabled
EXT,LAB2,EMPTY,Enabled
EXT,Lorenzo,EMPTY,Enabled
EXT,Luis,EMPTY,Enabled
EXT,MM,EMPTY,Enabled
EXT,MariLuz,EMPTY,Enabled
EXT,PACO,EMPTY,Enabled
EXT,PRINT,EMPTY,Enabled
EXT,Quarantined_Systems,EMPTY,Enabled
EXT,REPSOL,EMPTY,Enabled
EXT,TESTSGT21,EMPTY,Enabled
EXT,TESTSGT22,EMPTY,Enabled
EXT,TESTSGT23,EMPTY,Enabled
EXT,TESTSGT3,EMPTY,Enabled
EXT,TESTSGT4,EMPTY,Enabled
EXT,TESTSGT5,EMPTY,Enabled
EXT,TESTSGT6,EMPTY,Enabled
EXT,TESTSGT7,EMPTY,Enabled
EXT,TESTSGT8,EMPTY,Enabled
EXT,THIN,EMPTY,Enabled
EXT,TLF,EMPTY,Enabled
EXT,TOIP,EMPTY,Enabled
EXT,UPS,EMPTY,Enabled
EXT,Unknown,EMPTY,Enabled
EXT,VISIT,EMPTY,Enabled
EXT,WCOR,Deny IP,Enabled
EXT,WGUEST,EMPTY,Enabled
EXT,WINT,EMPTY,Enabled
EXT,WMIR,EMPTY,Enabled
EXT,WPDA,EMPTY,Enabled
EXT,WVOIP,EMPTY,Enabled
EXT,asier,EMPTY,Enabled
EXT,dddd,EMPTY,Enabled
EXT,istvan,EMPTY,Enabled
EXT,istvan3,EMPTY,Enabled
FMC,AP,EMPTY,Enabled
FMC,AUT,EMPTY,Enabled
FMC,Abelardo,EMPTY,Enabled
FMC,COR,EMPTY,Enabled
FMC,EKO,EMPTY,Enabled
FMC,EXT,EMPTY,Enabled
FMC,FMC,EMPTY,Enabled
FMC,GuestMobile,EMPTY,Enabled
FMC,GuestWS,EMPTY,Enabled
FMC,Guests,EMPTY,Enabled
FMC,JuanP,EMPTY,Enabled
FMC,LAB1,EMPTY,Enabled
FMC,LAB2,EMPTY,Enabled
FMC,Lorenzo,EMPTY,Enabled
FMC,Luis,EMPTY,Enabled
FMC,MM,EMPTY,Enabled
FMC,MariLuz,EMPTY,Enabled
FMC,PACO,EMPTY,Enabled
FMC,PRINT,EMPTY,Enabled
FMC,Quarantined_Systems,EMPTY,Enabled
FMC,REPSOL,EMPTY,Enabled
FMC,TESTSGT21,EMPTY,Enabled
FMC,TESTSGT22,EMPTY,Enabled
FMC,TESTSGT23,EMPTY,Enabled
FMC,TESTSGT3,EMPTY,Enabled
FMC,TESTSGT4,EMPTY,Enabled
FMC,TESTSGT5,EMPTY,Enabled
FMC,TESTSGT6,EMPTY,Enabled
FMC,TESTSGT7,EMPTY,Enabled
FMC,TESTSGT8,EMPTY,Enabled
FMC,THIN,EMPTY,Enabled
FMC,TLF,EMPTY,Enabled
FMC,TOIP,EMPTY,Enabled
FMC,UPS,EMPTY,Enabled
FMC,Unknown,EMPTY,Enabled
FMC,VISIT,EMPTY,Enabled
FMC,WCOR,EMPTY,Enabled
FMC,WGUEST,EMPTY,Enabled
FMC,WINT,EMPTY,Enabled
FMC,WMIR,EMPTY,Enabled
FMC,WPDA,EMPTY,Enabled
FMC,WVOIP,EMPTY,Enabled
FMC,asier,EMPTY,Enabled
FMC,dddd,EMPTY,Enabled
FMC,istvan,EMPTY,Enabled
FMC,istvan3,EMPTY,Enabled
GuestMobile,AP,EMPTY,Enabled
GuestMobile,AUT,EMPTY,Enabled
GuestMobile,Abelardo,EMPTY,Enabled
GuestMobile,COR,EMPTY,Enabled
GuestMobile,EKO,EMPTY,Enabled
GuestMobile,EXT,EMPTY,Enabled
GuestMobile,FMC,EMPTY,Enabled
GuestMobile,GuestMobile,EMPTY,Enabled
GuestMobile,GuestWS,EMPTY,Enabled
GuestMobile,Guests,EMPTY,Enabled
GuestMobile,JuanP,EMPTY,Enabled
GuestMobile,LAB1,EMPTY,Enabled
GuestMobile,LAB2,EMPTY,Enabled
GuestMobile,Lorenzo,EMPTY,Enabled
GuestMobile,Luis,EMPTY,Enabled
GuestMobile,MM,EMPTY,Enabled
GuestMobile,MariLuz,EMPTY,Enabled
GuestMobile,PACO,EMPTY,Enabled
GuestMobile,PRINT,EMPTY,Enabled
GuestMobile,Quarantined_Systems,EMPTY,Enabled
GuestMobile,REPSOL,EMPTY,Enabled
GuestMobile,TESTSGT21,EMPTY,Enabled
GuestMobile,TESTSGT22,EMPTY,Enabled
GuestMobile,TESTSGT23,EMPTY,Enabled
GuestMobile,TESTSGT3,EMPTY,Enabled
GuestMobile,TESTSGT4,EMPTY,Enabled
GuestMobile,TESTSGT5,EMPTY,Enabled
GuestMobile,TESTSGT6,EMPTY,Enabled
GuestMobile,TESTSGT7,EMPTY,Enabled
GuestMobile,TESTSGT8,EMPTY,Enabled
GuestMobile,THIN,EMPTY,Enabled
GuestMobile,TLF,EMPTY,Enabled
GuestMobile,TOIP,EMPTY,Enabled
GuestMobile,UPS,EMPTY,Enabled
GuestMobile,Unknown,EMPTY,Enabled
GuestMobile,VISIT,EMPTY,Enabled
GuestMobile,WCOR,EMPTY,Enabled
GuestMobile,WGUEST,EMPTY,Enabled
GuestMobile,WINT,EMPTY,Enabled
GuestMobile,WMIR,EMPTY,Enabled
GuestMobile,WPDA,EMPTY,Enabled
GuestMobile,WVOIP,EMPTY,Enabled
GuestMobile,asier,EMPTY,Enabled
GuestMobile,dddd,EMPTY,Enabled
GuestMobile,istvan,EMPTY,Enabled
GuestMobile,istvan3,EMPTY,Enabled
GuestWS,AP,EMPTY,Enabled
GuestWS,AUT,EMPTY,Enabled
GuestWS,Abelardo,EMPTY,Enabled
GuestWS,COR,EMPTY,Enabled
GuestWS,EKO,EMPTY,Enabled
GuestWS,EXT,EMPTY,Enabled
GuestWS,FMC,EMPTY,Enabled
GuestWS,GuestMobile,EMPTY,Enabled
GuestWS,GuestWS,EMPTY,Enabled
GuestWS,Guests,EMPTY,Enabled
GuestWS,JuanP,EMPTY,Enabled
GuestWS,LAB1,EMPTY,Enabled
GuestWS,LAB2,EMPTY,Enabled
GuestWS,Lorenzo,EMPTY,Enabled
GuestWS,Luis,EMPTY,Enabled
GuestWS,MM,EMPTY,Enabled
GuestWS,MariLuz,EMPTY,Enabled
GuestWS,PACO,EMPTY,Enabled
GuestWS,PRINT,EMPTY,Enabled
GuestWS,Quarantined_Systems,EMPTY,Enabled
GuestWS,REPSOL,EMPTY,Enabled
GuestWS,TESTSGT21,EMPTY,Enabled
GuestWS,TESTSGT22,EMPTY,Enabled
GuestWS,TESTSGT23,EMPTY,Enabled
GuestWS,TESTSGT3,EMPTY,Enabled
GuestWS,TESTSGT4,EMPTY,Enabled
GuestWS,TESTSGT5,EMPTY,Enabled
GuestWS,TESTSGT6,EMPTY,Enabled
GuestWS,TESTSGT7,EMPTY,Enabled
GuestWS,TESTSGT8,EMPTY,Enabled
GuestWS,THIN,EMPTY,Enabled
GuestWS,TLF,EMPTY,Enabled
GuestWS,TOIP,EMPTY,Enabled
GuestWS,UPS,EMPTY,Enabled
GuestWS,Unknown,EMPTY,Enabled
GuestWS,VISIT,EMPTY,Enabled
GuestWS,WCOR,EMPTY,Enabled
GuestWS,WGUEST,EMPTY,Enabled
GuestWS,WINT,EMPTY,Enabled
GuestWS,WMIR,EMPTY,Enabled
GuestWS,WPDA,EMPTY,Enabled
GuestWS,WVOIP,EMPTY,Enabled
GuestWS,asier,EMPTY,Enabled
GuestWS,dddd,EMPTY,Enabled
GuestWS,istvan,EMPTY,Enabled
GuestWS,istvan3,EMPTY,Enabled
Guests,AP,EMPTY,Enabled
Guests,AUT,EMPTY,Enabled
Guests,Abelardo,EMPTY,Enabled
Guests,COR,EMPTY,Enabled
Guests,EKO,EMPTY,Enabled
Guests,EXT,EMPTY,Enabled
Guests,FMC,EMPTY,Enabled
Guests,GuestMobile,EMPTY,Enabled
Guests,GuestWS,EMPTY,Enabled
Guests,Guests,EMPTY,Enabled
Guests,JuanP,EMPTY,Enabled
Guests,LAB1,EMPTY,Enabled
Guests,LAB2,EMPTY,Enabled
Guests,Lorenzo,EMPTY,Enabled
Guests,Luis,EMPTY,Enabled
Guests,MM,EMPTY,Enabled
Guests,MariLuz,EMPTY,Enabled
Guests,PACO,EMPTY,Enabled
Guests,PRINT,EMPTY,Enabled
Guests,Quarantined_Systems,EMPTY,Enabled
Guests,REPSOL,EMPTY,Enabled
Guests,TESTSGT21,EMPTY,Enabled
Guests,TESTSGT22,EMPTY,Enabled
Guests,TESTSGT23,EMPTY,Enabled
Guests,TESTSGT3,EMPTY,Enabled
Guests,TESTSGT4,EMPTY,Enabled
Guests,TESTSGT5,EMPTY,Enabled
Guests,TESTSGT6,EMPTY,Enabled
Guests,TESTSGT7,EMPTY,Enabled
Guests,TESTSGT8,EMPTY,Enabled
Guests,THIN,EMPTY,Enabled
Guests,TLF,EMPTY,Enabled
Guests,TOIP,EMPTY,Enabled
Guests,UPS,EMPTY,Enabled
Guests,Unknown,EMPTY,Enabled
Guests,VISIT,EMPTY,Enabled
Guests,WCOR,EMPTY,Enabled
Guests,WGUEST,EMPTY,Enabled
Guests,WINT,EMPTY,Enabled
Guests,WMIR,EMPTY,Enabled
Guests,WPDA,EMPTY,Enabled
Guests,WVOIP,EMPTY,Enabled
Guests,asier,EMPTY,Enabled
Guests,dddd,EMPTY,Enabled
Guests,istvan,EMPTY,Enabled
Guests,istvan3,EMPTY,Enabled
JuanP,AP,EMPTY,Enabled
JuanP,AUT,EMPTY,Enabled
JuanP,Abelardo,EMPTY,Enabled
JuanP,COR,EMPTY,Enabled
JuanP,EKO,EMPTY,Enabled
JuanP,EXT,EMPTY,Enabled
JuanP,FMC,EMPTY,Enabled
JuanP,GuestMobile,EMPTY,Enabled
JuanP,GuestWS,EMPTY,Enabled
JuanP,Guests,EMPTY,Enabled
JuanP,JuanP,EMPTY,Enabled
JuanP,LAB1,EMPTY,Enabled
JuanP,LAB2,EMPTY,Enabled
JuanP,Lorenzo,EMPTY,Enabled
JuanP,Luis,EMPTY,Enabled
JuanP,MM,EMPTY,Enabled
JuanP,MariLuz,EMPTY,Enabled
JuanP,PACO,EMPTY,Enabled
JuanP,PRINT,EMPTY,Enabled
JuanP,Quarantined_Systems,EMPTY,Enabled
JuanP,REPSOL,EMPTY,Enabled
JuanP,TESTSGT21,EMPTY,Enabled
JuanP,TESTSGT22,EMPTY,Enabled
JuanP,TESTSGT23,EMPTY,Enabled
JuanP,TESTSGT3,EMPTY,Enabled
JuanP,TESTSGT4,EMPTY,Enabled
JuanP,TESTSGT5,EMPTY,Enabled
JuanP,TESTSGT6,EMPTY,Enabled
JuanP,TESTSGT7,EMPTY,Enabled
JuanP,TESTSGT8,EMPTY,Enabled
JuanP,THIN,EMPTY,Enabled
JuanP,TLF,EMPTY,Enabled
JuanP,TOIP,EMPTY,Enabled
JuanP,UPS,EMPTY,Enabled
JuanP,Unknown,EMPTY,Enabled
JuanP,VISIT,EMPTY,Enabled
JuanP,WCOR,EMPTY,Enabled
JuanP,WGUEST,EMPTY,Enabled
JuanP,WINT,EMPTY,Enabled
JuanP,WMIR,EMPTY,Enabled
JuanP,WPDA,EMPTY,Enabled
JuanP,WVOIP,EMPTY,Enabled
JuanP,asier,EMPTY,Enabled
JuanP,dddd,EMPTY,Enabled
JuanP,istvan,EMPTY,Enabled
JuanP,istvan3,EMPTY,Enabled
LAB1,AP,EMPTY,Enabled
LAB1,AUT,EMPTY,Enabled
LAB1,Abelardo,EMPTY,Enabled
LAB1,COR,EMPTY,Enabled
LAB1,EKO,EMPTY,Enabled
LAB1,EXT,EMPTY,Enabled
LAB1,FMC,EMPTY,Enabled
LAB1,GuestMobile,EMPTY,Enabled
LAB1,GuestWS,EMPTY,Enabled
LAB1,Guests,EMPTY,Enabled
LAB1,JuanP,EMPTY,Enabled
LAB1,LAB1,EMPTY,Enabled
LAB1,LAB2,EMPTY,Enabled
LAB1,Lorenzo,EMPTY,Enabled
LAB1,Luis,EMPTY,Enabled
LAB1,MM,EMPTY,Enabled
LAB1,MariLuz,EMPTY,Enabled
LAB1,PACO,EMPTY,Enabled
LAB1,PRINT,EMPTY,Enabled
LAB1,Quarantined_Systems,EMPTY,Enabled
LAB1,REPSOL,EMPTY,Enabled
LAB1,TESTSGT21,EMPTY,Enabled
LAB1,TESTSGT22,EMPTY,Enabled
LAB1,TESTSGT23,EMPTY,Enabled
LAB1,TESTSGT3,EMPTY,Enabled
LAB1,TESTSGT4,EMPTY,Enabled
LAB1,TESTSGT5,EMPTY,Enabled
LAB1,TESTSGT6,EMPTY,Enabled
LAB1,TESTSGT7,EMPTY,Enabled
LAB1,TESTSGT8,EMPTY,Enabled
LAB1,THIN,EMPTY,Enabled
LAB1,TLF,EMPTY,Enabled
LAB1,TOIP,EMPTY,Enabled
LAB1,UPS,EMPTY,Enabled
LAB1,Unknown,EMPTY,Enabled
LAB1,VISIT,EMPTY,Enabled
LAB1,WCOR,EMPTY,Enabled
LAB1,WGUEST,EMPTY,Enabled
LAB1,WINT,EMPTY,Enabled
LAB1,WMIR,EMPTY,Enabled
LAB1,WPDA,EMPTY,Enabled
LAB1,WVOIP,EMPTY,Enabled
LAB1,asier,EMPTY,Enabled
LAB1,dddd,EMPTY,Enabled
LAB1,istvan,EMPTY,Enabled
LAB1,istvan3,EMPTY,Enabled
LAB2,AP,EMPTY,Enabled
LAB2,AUT,EMPTY,Enabled
LAB2,Abelardo,EMPTY,Enabled
LAB2,COR,EMPTY,Enabled
LAB2,EKO,EMPTY,Enabled
LAB2,EXT,EMPTY,Enabled
LAB2,FMC,EMPTY,Enabled
LAB2,GuestMobile,EMPTY,Enabled
LAB2,GuestWS,EMPTY,Enabled
LAB2,Guests,EMPTY,Enabled
LAB2,JuanP,EMPTY,Enabled
LAB2,LAB1,EMPTY,Enabled
LAB2,LAB2,EMPTY,Enabled
LAB2,Lorenzo,EMPTY,Enabled
LAB2,Luis,EMPTY,Enabled
LAB2,MM,EMPTY,Enabled
LAB2,MariLuz,EMPTY,Enabled
LAB2,PACO,EMPTY,Enabled
LAB2,PRINT,EMPTY,Enabled
LAB2,Quarantined_Systems,EMPTY,Enabled
LAB2,REPSOL,EMPTY,Enabled
LAB2,TESTSGT21,EMPTY,Enabled
LAB2,TESTSGT22,EMPTY,Enabled
LAB2,TESTSGT23,EMPTY,Enabled
LAB2,TESTSGT3,EMPTY,Enabled
LAB2,TESTSGT4,EMPTY,Enabled
LAB2,TESTSGT5,EMPTY,Enabled
LAB2,TESTSGT6,EMPTY,Enabled
LAB2,TESTSGT7,EMPTY,Enabled
LAB2,TESTSGT8,EMPTY,Enabled
LAB2,THIN,EMPTY,Enabled
LAB2,TLF,EMPTY,Enabled
LAB2,TOIP,EMPTY,Enabled
LAB2,UPS,EMPTY,Enabled
LAB2,Unknown,EMPTY,Enabled
LAB2,VISIT,EMPTY,Enabled
LAB2,WCOR,EMPTY,Enabled
LAB2,WGUEST,EMPTY,Enabled
LAB2,WINT,EMPTY,Enabled
LAB2,WMIR,EMPTY,Enabled
LAB2,WPDA,EMPTY,Enabled
LAB2,WVOIP,EMPTY,Enabled
LAB2,asier,EMPTY,Enabled
LAB2,dddd,EMPTY,Enabled
LAB2,istvan,EMPTY,Enabled
LAB2,istvan3,EMPTY,Enabled
Lorenzo,AP,EMPTY,Enabled
Lorenzo,AUT,EMPTY,Enabled
Lorenzo,Abelardo,EMPTY,Enabled
Lorenzo,COR,EMPTY,Enabled
Lorenzo,EKO,EMPTY,Enabled
Lorenzo,EXT,EMPTY,Enabled
Lorenzo,FMC,EMPTY,Enabled
Lorenzo,GuestMobile,EMPTY,Enabled
Lorenzo,GuestWS,EMPTY,Enabled
Lorenzo,Guests,EMPTY,Enabled
Lorenzo,JuanP,EMPTY,Enabled
Lorenzo,LAB1,EMPTY,Enabled
Lorenzo,LAB2,EMPTY,Enabled
Lorenzo,Lorenzo,EMPTY,Enabled
Lorenzo,Luis,EMPTY,Enabled
Lorenzo,MM,EMPTY,Enabled
Lorenzo,MariLuz,EMPTY,Enabled
Lorenzo,PACO,EMPTY,Enabled
Lorenzo,PRINT,EMPTY,Enabled
Lorenzo,Quarantined_Systems,EMPTY,Enabled
Lorenzo,REPSOL,EMPTY,Enabled
Lorenzo,TESTSGT21,EMPTY,Enabled
Lorenzo,TESTSGT22,EMPTY,Enabled
Lorenzo,TESTSGT23,EMPTY,Enabled
Lorenzo,TESTSGT3,EMPTY,Enabled
Lorenzo,TESTSGT4,EMPTY,Enabled
Lorenzo,TESTSGT5,EMPTY,Enabled
Lorenzo,TESTSGT6,EMPTY,Enabled
Lorenzo,TESTSGT7,EMPTY,Enabled
Lorenzo,TESTSGT8,EMPTY,Enabled
Lorenzo,THIN,EMPTY,Enabled
Lorenzo,TLF,EMPTY,Enabled
Lorenzo,TOIP,EMPTY,Enabled
Lorenzo,UPS,EMPTY,Enabled
Lorenzo,Unknown,EMPTY,Enabled
Lorenzo,VISIT,EMPTY,Enabled
Lorenzo,WCOR,EMPTY,Enabled
Lorenzo,WGUEST,EMPTY,Enabled
Lorenzo,WINT,EMPTY,Enabled
Lorenzo,WMIR,EMPTY,Enabled
Lorenzo,WPDA,EMPTY,Enabled
Lorenzo,WVOIP,EMPTY,Enabled
Lorenzo,asier,EMPTY,Enabled
Lorenzo,dddd,EMPTY,Enabled
Lorenzo,istvan,EMPTY,Enabled
Lorenzo,istvan3,EMPTY,Enabled
Luis,AP,EMPTY,Enabled
Luis,AUT,EMPTY,Enabled
Luis,Abelardo,EMPTY,Enabled
Luis,COR,EMPTY,Enabled
Luis,EKO,EMPTY,Enabled
Luis,EXT,EMPTY,Enabled
Luis,FMC,EMPTY,Enabled
Luis,GuestMobile,EMPTY,Enabled
Luis,GuestWS,EMPTY,Enabled
Luis,Guests,EMPTY,Enabled
Luis,JuanP,EMPTY,Enabled
Luis,LAB1,EMPTY,Enabled
Luis,LAB2,EMPTY,Enabled
Luis,Lorenzo,EMPTY,Enabled
Luis,Luis,EMPTY,Enabled
Luis,MM,EMPTY,Enabled
Luis,MariLuz,EMPTY,Enabled
Luis,PACO,EMPTY,Enabled
Luis,PRINT,EMPTY,Enabled
Luis,Quarantined_Systems,EMPTY,Enabled
Luis,REPSOL,EMPTY,Enabled
Luis,TESTSGT21,EMPTY,Enabled
Luis,TESTSGT22,EMPTY,Enabled
Luis,TESTSGT23,EMPTY,Enabled
Luis,TESTSGT3,EMPTY,Enabled
Luis,TESTSGT4,EMPTY,Enabled
Luis,TESTSGT5,EMPTY,Enabled
Luis,TESTSGT6,EMPTY,Enabled
Luis,TESTSGT7,EMPTY,Enabled
Luis,TESTSGT8,EMPTY,Enabled
Luis,THIN,EMPTY,Enabled
Luis,TLF,EMPTY,Enabled
Luis,TOIP,EMPTY,Enabled
Luis,UPS,EMPTY,Enabled
Luis,Unknown,EMPTY,Enabled
Luis,VISIT,EMPTY,Enabled
Luis,WCOR,EMPTY,Enabled
Luis,WGUEST,EMPTY,Enabled
Luis,WINT,EMPTY,Enabled
Luis,WMIR,EMPTY,Enabled
Luis,WPDA,EMPTY,Enabled
Luis,WVOIP,EMPTY,Enabled
Luis,asier,EMPTY,Enabled
Luis,dddd,EMPTY,Enabled
Luis,istvan,EMPTY,Enabled
Luis,istvan3,EMPTY,Enabled
MM,AP,EMPTY,Enabled
MM,AUT,EMPTY,Enabled
MM,Abelardo,EMPTY,Enabled
MM,COR,EMPTY,Enabled
MM,EKO,EMPTY,Enabled
MM,EXT,EMPTY,Enabled
MM,FMC,EMPTY,Enabled
MM,GuestMobile,EMPTY,Enabled
MM,GuestWS,EMPTY,Enabled
MM,Guests,EMPTY,Enabled
MM,JuanP,EMPTY,Enabled
MM,LAB1,EMPTY,Enabled
MM,LAB2,EMPTY,Enabled
MM,Lorenzo,EMPTY,Enabled
MM,Luis,EMPTY,Enabled
MM,MM,EMPTY,Enabled
MM,MariLuz,EMPTY,Enabled
MM,PACO,EMPTY,Enabled
MM,PRINT,EMPTY,Enabled
MM,Quarantined_Systems,EMPTY,Enabled
MM,REPSOL,EMPTY,Enabled
MM,TESTSGT21,EMPTY,Enabled
MM,TESTSGT22,EMPTY,Enabled
MM,TESTSGT23,EMPTY,Enabled
MM,TESTSGT3,EMPTY,Enabled
MM,TESTSGT4,EMPTY,Enabled
MM,TESTSGT5,EMPTY,Enabled
MM,TESTSGT6,EMPTY,Enabled
MM,TESTSGT7,EMPTY,Enabled
MM,TESTSGT8,EMPTY,Enabled
MM,THIN,EMPTY,Enabled
MM,TLF,EMPTY,Enabled
MM,TOIP,EMPTY,Enabled
MM,UPS,EMPTY,Enabled
MM,Unknown,EMPTY,Enabled
MM,VISIT,EMPTY,Enabled
MM,WCOR,EMPTY,Enabled
MM,WGUEST,EMPTY,Enabled
MM,WINT,EMPTY,Enabled
MM,WMIR,EMPTY,Enabled
MM,WPDA,EMPTY,Enabled
MM,WVOIP,EMPTY,Enabled
MM,asier,EMPTY,Enabled
MM,dddd,EMPTY,Enabled
MM,istvan,EMPTY,Enabled
MM,istvan3,EMPTY,Enabled
MariLuz,AP,EMPTY,Enabled
MariLuz,AUT,EMPTY,Enabled
MariLuz,Abelardo,EMPTY,Enabled
MariLuz,COR,EMPTY,Enabled
MariLuz,EKO,EMPTY,Enabled
MariLuz,EXT,EMPTY,Enabled
MariLuz,FMC,EMPTY,Enabled
MariLuz,GuestMobile,EMPTY,Enabled
MariLuz,GuestWS,EMPTY,Enabled
MariLuz,Guests,EMPTY,Enabled
MariLuz,JuanP,EMPTY,Enabled
MariLuz,LAB1,EMPTY,Enabled
MariLuz,LAB2,EMPTY,Enabled
MariLuz,Lorenzo,EMPTY,Enabled
MariLuz,Luis,EMPTY,Enabled
MariLuz,MM,EMPTY,Enabled
MariLuz,MariLuz,EMPTY,Enabled
MariLuz,PACO,EMPTY,Enabled
MariLuz,PRINT,EMPTY,Enabled
MariLuz,Quarantined_Systems,EMPTY,Enabled
MariLuz,REPSOL,EMPTY,Enabled
MariLuz,TESTSGT21,EMPTY,Enabled
MariLuz,TESTSGT22,EMPTY,Enabled
MariLuz,TESTSGT23,EMPTY,Enabled
MariLuz,TESTSGT3,EMPTY,Enabled
MariLuz,TESTSGT4,EMPTY,Enabled
MariLuz,TESTSGT5,EMPTY,Enabled
MariLuz,TESTSGT6,EMPTY,Enabled
MariLuz,TESTSGT7,EMPTY,Enabled
MariLuz,TESTSGT8,EMPTY,Enabled
MariLuz,THIN,EMPTY,Enabled
MariLuz,TLF,EMPTY,Enabled
MariLuz,TOIP,EMPTY,Enabled
MariLuz,UPS,EMPTY,Enabled
MariLuz,Unknown,EMPTY,Enabled
MariLuz,VISIT,EMPTY,Enabled
MariLuz,WCOR,EMPTY,Enabled
MariLuz,WGUEST,EMPTY,Enabled
MariLuz,WINT,EMPTY,Enabled
MariLuz,WMIR,EMPTY,Enabled
MariLuz,WPDA,EMPTY,Enabled
MariLuz,WVOIP,EMPTY,Enabled
MariLuz,asier,EMPTY,Enabled
MariLuz,dddd,EMPTY,Enabled
MariLuz,istvan,EMPTY,Enabled
MariLuz,istvan3,EMPTY,Enabled
PACO,AP,EMPTY,Enabled
PACO,AUT,EMPTY,Enabled
PACO,Abelardo,EMPTY,Enabled
PACO,COR,EMPTY,Enabled
PACO,EKO,EMPTY,Enabled
PACO,EXT,EMPTY,Enabled
PACO,FMC,EMPTY,Enabled
PACO,GuestMobile,EMPTY,Enabled
PACO,GuestWS,EMPTY,Enabled
PACO,Guests,EMPTY,Enabled
PACO,JuanP,EMPTY,Enabled
PACO,LAB1,EMPTY,Enabled
PACO,LAB2,EMPTY,Enabled
PACO,Lorenzo,EMPTY,Enabled
PACO,Luis,EMPTY,Enabled
PACO,MM,EMPTY,Enabled
PACO,MariLuz,EMPTY,Enabled
PACO,PACO,EMPTY,Enabled
PACO,PRINT,EMPTY,Enabled
PACO,Quarantined_Systems,EMPTY,Enabled
PACO,REPSOL,EMPTY,Enabled
PACO,TESTSGT21,EMPTY,Enabled
PACO,TESTSGT22,EMPTY,Enabled
PACO,TESTSGT23,EMPTY,Enabled
PACO,TESTSGT3,EMPTY,Enabled
PACO,TESTSGT4,EMPTY,Enabled
PACO,TESTSGT5,EMPTY,Enabled
PACO,TESTSGT6,EMPTY,Enabled
PACO,TESTSGT7,EMPTY,Enabled
PACO,TESTSGT8,EMPTY,Enabled
PACO,THIN,EMPTY,Enabled
PACO,TLF,EMPTY,Enabled
PACO,TOIP,EMPTY,Enabled
PACO,UPS,EMPTY,Enabled
PACO,Unknown,EMPTY,Enabled
PACO,VISIT,EMPTY,Enabled
PACO,WCOR,EMPTY,Enabled
PACO,WGUEST,EMPTY,Enabled
PACO,WINT,EMPTY,Enabled
PACO,WMIR,EMPTY,Enabled
PACO,WPDA,EMPTY,Enabled
PACO,WVOIP,EMPTY,Enabled
PACO,asier,EMPTY,Enabled
PACO,dddd,EMPTY,Enabled
PACO,istvan,EMPTY,Enabled
PACO,istvan3,EMPTY,Enabled
PRINT,AP,EMPTY,Enabled
PRINT,AUT,EMPTY,Enabled
PRINT,Abelardo,EMPTY,Enabled
PRINT,COR,EMPTY,Enabled
PRINT,EKO,EMPTY,Enabled
PRINT,EXT,EMPTY,Enabled
PRINT,FMC,EMPTY,Enabled
PRINT,GuestMobile,EMPTY,Enabled
PRINT,GuestWS,EMPTY,Enabled
PRINT,Guests,EMPTY,Enabled
PRINT,JuanP,EMPTY,Enabled
PRINT,LAB1,EMPTY,Enabled
PRINT,LAB2,EMPTY,Enabled
PRINT,Lorenzo,EMPTY,Enabled
PRINT,Luis,EMPTY,Enabled
PRINT,MM,EMPTY,Enabled
PRINT,MariLuz,EMPTY,Enabled
PRINT,PACO,EMPTY,Enabled
PRINT,PRINT,EMPTY,Enabled
PRINT,Quarantined_Systems,EMPTY,Enabled
PRINT,REPSOL,EMPTY,Enabled
PRINT,TESTSGT21,EMPTY,Enabled
PRINT,TESTSGT22,EMPTY,Enabled
PRINT,TESTSGT23,EMPTY,Enabled
PRINT,TESTSGT3,EMPTY,Enabled
PRINT,TESTSGT4,EMPTY,Enabled
PRINT,TESTSGT5,EMPTY,Enabled
PRINT,TESTSGT6,EMPTY,Enabled
PRINT,TESTSGT7,EMPTY,Enabled
PRINT,TESTSGT8,EMPTY,Enabled
PRINT,THIN,EMPTY,Enabled
PRINT,TLF,EMPTY,Enabled
PRINT,TOIP,EMPTY,Enabled
PRINT,UPS,EMPTY,Enabled
PRINT,Unknown,EMPTY,Enabled
PRINT,VISIT,EMPTY,Enabled
PRINT,WCOR,EMPTY,Enabled
PRINT,WGUEST,EMPTY,Enabled
PRINT,WINT,EMPTY,Enabled
PRINT,WMIR,EMPTY,Enabled
PRINT,WPDA,EMPTY,Enabled
PRINT,WVOIP,EMPTY,Enabled
PRINT,asier,EMPTY,Enabled
PRINT,dddd,EMPTY,Enabled
PRINT,istvan,EMPTY,Enabled
PRINT,istvan3,EMPTY,Enabled
Quarantined_Systems,AP,EMPTY,Enabled
Quarantined_Systems,AUT,EMPTY,Enabled
Quarantined_Systems,Abelardo,EMPTY,Enabled
Quarantined_Systems,COR,EMPTY,Enabled
Quarantined_Systems,EKO,EMPTY,Enabled
Quarantined_Systems,EXT,EMPTY,Enabled
Quarantined_Systems,FMC,EMPTY,Enabled
Quarantined_Systems,GuestMobile,EMPTY,Enabled
Quarantined_Systems,GuestWS,EMPTY,Enabled
Quarantined_Systems,Guests,EMPTY,Enabled
Quarantined_Systems,JuanP,EMPTY,Enabled
Quarantined_Systems,LAB1,EMPTY,Enabled
Quarantined_Systems,LAB2,EMPTY,Enabled
Quarantined_Systems,Lorenzo,EMPTY,Enabled
Quarantined_Systems,Luis,EMPTY,Enabled
Quarantined_Systems,MM,EMPTY,Enabled
Quarantined_Systems,MariLuz,EMPTY,Enabled
Quarantined_Systems,PACO,EMPTY,Enabled
Quarantined_Systems,PRINT,EMPTY,Enabled
Quarantined_Systems,Quarantined_Systems,EMPTY,Enabled
Quarantined_Systems,REPSOL,EMPTY,Enabled
Quarantined_Systems,TESTSGT21,EMPTY,Enabled
Quarantined_Systems,TESTSGT22,EMPTY,Enabled
Quarantined_Systems,TESTSGT23,EMPTY,Enabled
Quarantined_Systems,TESTSGT3,EMPTY,Enabled
Quarantined_Systems,TESTSGT4,EMPTY,Enabled
Quarantined_Systems,TESTSGT5,EMPTY,Enabled
Quarantined_Systems,TESTSGT6,EMPTY,Enabled
Quarantined_Systems,TESTSGT7,EMPTY,Enabled
Quarantined_Systems,TESTSGT8,EMPTY,Enabled
Quarantined_Systems,THIN,EMPTY,Enabled
Quarantined_Systems,TLF,EMPTY,Enabled
Quarantined_Systems,TOIP,EMPTY,Enabled
Quarantined_Systems,UPS,EMPTY,Enabled
Quarantined_Systems,Unknown,EMPTY,Enabled
Quarantined_Systems,VISIT,EMPTY,Enabled
Quarantined_Systems,WCOR,EMPTY,Enabled
Quarantined_Systems,WGUEST,EMPTY,Enabled
Quarantined_Systems,WINT,EMPTY,Enabled
Quarantined_Systems,WMIR,EMPTY,Enabled
Quarantined_Systems,WPDA,EMPTY,Enabled
Quarantined_Systems,WVOIP,EMPTY,Enabled
Quarantined_Systems,asier,EMPTY,Enabled
Quarantined_Systems,dddd,EMPTY,Enabled
Quarantined_Systems,istvan,EMPTY,Enabled
Quarantined_Systems,istvan3,EMPTY,Enabled
REPSOL,AP,EMPTY,Enabled
REPSOL,AUT,EMPTY,Enabled
REPSOL,Abelardo,EMPTY,Enabled
REPSOL,COR,EMPTY,Enabled
REPSOL,EKO,EMPTY,Enabled
REPSOL,EXT,EMPTY,Enabled
REPSOL,FMC,EMPTY,Enabled
REPSOL,GuestMobile,EMPTY,Enabled
REPSOL,GuestWS,EMPTY,Enabled
REPSOL,Guests,EMPTY,Enabled
REPSOL,JuanP,EMPTY,Enabled
REPSOL,LAB1,EMPTY,Enabled
REPSOL,LAB2,EMPTY,Enabled
REPSOL,Lorenzo,EMPTY,Enabled
REPSOL,Luis,EMPTY,Enabled
REPSOL,MM,EMPTY,Enabled
REPSOL,MariLuz,EMPTY,Enabled
REPSOL,PACO,EMPTY,Enabled
REPSOL,PRINT,EMPTY,Enabled
REPSOL,Quarantined_Systems,EMPTY,Enabled
REPSOL,REPSOL,EMPTY,Enabled
REPSOL,TESTSGT21,EMPTY,Enabled
REPSOL,TESTSGT22,EMPTY,Enabled
REPSOL,TESTSGT23,EMPTY,Enabled
REPSOL,TESTSGT3,EMPTY,Enabled
REPSOL,TESTSGT4,EMPTY,Enabled
REPSOL,TESTSGT5,EMPTY,Enabled
REPSOL,TESTSGT6,EMPTY,Enabled
REPSOL,TESTSGT7,EMPTY,Enabled
REPSOL,TESTSGT8,EMPTY,Enabled
REPSOL,THIN,EMPTY,Enabled
REPSOL,TLF,EMPTY,Enabled
REPSOL,TOIP,EMPTY,Enabled
REPSOL,UPS,EMPTY,Enabled
REPSOL,Unknown,EMPTY,Enabled
REPSOL,VISIT,EMPTY,Enabled
REPSOL,WCOR,EMPTY,Enabled
REPSOL,WGUEST,EMPTY,Enabled
REPSOL,WINT,EMPTY,Enabled
REPSOL,WMIR,EMPTY,Enabled
REPSOL,WPDA,EMPTY,Enabled
REPSOL,WVOIP,EMPTY,Enabled
REPSOL,asier,EMPTY,Enabled
REPSOL,dddd,EMPTY,Enabled
REPSOL,istvan,EMPTY,Enabled
REPSOL,istvan3,EMPTY,Enabled
TESTSGT21,AP,EMPTY,Enabled
TESTSGT21,AUT,EMPTY,Enabled
TESTSGT21,Abelardo,EMPTY,Enabled
TESTSGT21,COR,EMPTY,Enabled
TESTSGT21,EKO,EMPTY,Enabled
TESTSGT21,EXT,EMPTY,Enabled
TESTSGT21,FMC,EMPTY,Enabled
TESTSGT21,GuestMobile,EMPTY,Enabled
TESTSGT21,GuestWS,EMPTY,Enabled
TESTSGT21,Guests,EMPTY,Enabled
TESTSGT21,JuanP,EMPTY,Enabled
TESTSGT21,LAB1,EMPTY,Enabled
TESTSGT21,LAB2,EMPTY,Enabled
TESTSGT21,Lorenzo,EMPTY,Enabled
TESTSGT21,Luis,EMPTY,Enabled
TESTSGT21,MM,EMPTY,Enabled
TESTSGT21,MariLuz,EMPTY,Enabled
TESTSGT21,PACO,EMPTY,Enabled
TESTSGT21,PRINT,EMPTY,Enabled
TESTSGT21,Quarantined_Systems,EMPTY,Enabled
TESTSGT21,REPSOL,EMPTY,Enabled
TESTSGT21,TESTSGT21,EMPTY,Enabled
TESTSGT21,TESTSGT22,EMPTY,Enabled
TESTSGT21,TESTSGT23,EMPTY,Enabled
TESTSGT21,TESTSGT3,EMPTY,Enabled
TESTSGT21,TESTSGT4,EMPTY,Enabled
TESTSGT21,TESTSGT5,EMPTY,Enabled
TESTSGT21,TESTSGT6,EMPTY,Enabled
TESTSGT21,TESTSGT7,EMPTY,Enabled
TESTSGT21,TESTSGT8,EMPTY,Enabled
TESTSGT21,THIN,EMPTY,Enabled
TESTSGT21,TLF,EMPTY,Enabled
TESTSGT21,TOIP,EMPTY,Enabled
TESTSGT21,UPS,EMPTY,Enabled
TESTSGT21,Unknown,EMPTY,Enabled
TESTSGT21,VISIT,EMPTY,Enabled
TESTSGT21,WCOR,EMPTY,Enabled
TESTSGT21,WGUEST,EMPTY,Enabled
TESTSGT21,WINT,EMPTY,Enabled
TESTSGT21,WMIR,EMPTY,Enabled
TESTSGT21,WPDA,EMPTY,Enabled
TESTSGT21,WVOIP,EMPTY,Enabled
TESTSGT21,asier,EMPTY,Enabled
TESTSGT21,dddd,EMPTY,Enabled
TESTSGT21,istvan,EMPTY,Enabled
TESTSGT21,istvan3,EMPTY,Enabled
TESTSGT22,AP,EMPTY,Enabled
TESTSGT22,AUT,EMPTY,Enabled
TESTSGT22,Abelardo,EMPTY,Enabled
TESTSGT22,COR,EMPTY,Enabled
TESTSGT22,EKO,EMPTY,Enabled
TESTSGT22,EXT,EMPTY,Enabled
TESTSGT22,FMC,EMPTY,Enabled
TESTSGT22,GuestMobile,EMPTY,Enabled
TESTSGT22,GuestWS,EMPTY,Enabled
TESTSGT22,Guests,EMPTY,Enabled
TESTSGT22,JuanP,EMPTY,Enabled
TESTSGT22,LAB1,EMPTY,Enabled
TESTSGT22,LAB2,EMPTY,Enabled
TESTSGT22,Lorenzo,EMPTY,Enabled
TESTSGT22,Luis,EMPTY,Enabled
TESTSGT22,MM,EMPTY,Enabled
TESTSGT22,MariLuz,EMPTY,Enabled
TESTSGT22,PACO,EMPTY,Enabled
TESTSGT22,PRINT,EMPTY,Enabled
TESTSGT22,Quarantined_Systems,EMPTY,Enabled
TESTSGT22,REPSOL,EMPTY,Enabled
TESTSGT22,TESTSGT21,EMPTY,Enabled
TESTSGT22,TESTSGT22,EMPTY,Enabled
TESTSGT22,TESTSGT23,EMPTY,Enabled
TESTSGT22,TESTSGT3,EMPTY,Enabled
TESTSGT22,TESTSGT4,EMPTY,Enabled
TESTSGT22,TESTSGT5,EMPTY,Enabled
TESTSGT22,TESTSGT6,EMPTY,Enabled
TESTSGT22,TESTSGT7,EMPTY,Enabled
TESTSGT22,TESTSGT8,EMPTY,Enabled
TESTSGT22,THIN,EMPTY,Enabled
TESTSGT22,TLF,EMPTY,Enabled
TESTSGT22,TOIP,EMPTY,Enabled
TESTSGT22,UPS,EMPTY,Enabled
TESTSGT22,Unknown,EMPTY,Enabled
TESTSGT22,VISIT,EMPTY,Enabled
TESTSGT22,WCOR,EMPTY,Enabled
TESTSGT22,WGUEST,EMPTY,Enabled
TESTSGT22,WINT,EMPTY,Enabled
TESTSGT22,WMIR,EMPTY,Enabled
TESTSGT22,WPDA,EMPTY,Enabled
TESTSGT22,WVOIP,EMPTY,Enabled
TESTSGT22,asier,EMPTY,Enabled
TESTSGT22,dddd,EMPTY,Enabled
TESTSGT22,istvan,EMPTY,Enabled
TESTSGT22,istvan3,EMPTY,Enabled
TESTSGT23,AP,EMPTY,Enabled
TESTSGT23,AUT,EMPTY,Enabled
TESTSGT23,Abelardo,EMPTY,Enabled
TESTSGT23,COR,EMPTY,Enabled
TESTSGT23,EKO,EMPTY,Enabled
TESTSGT23,EXT,EMPTY,Enabled
TESTSGT23,FMC,EMPTY,Enabled
TESTSGT23,GuestMobile,EMPTY,Enabled
TESTSGT23,GuestWS,EMPTY,Enabled
TESTSGT23,Guests,EMPTY,Enabled
TESTSGT23,JuanP,EMPTY,Enabled
TESTSGT23,LAB1,EMPTY,Enabled
TESTSGT23,LAB2,EMPTY,Enabled
TESTSGT23,Lorenzo,EMPTY,Enabled
TESTSGT23,Luis,EMPTY,Enabled
TESTSGT23,MM,EMPTY,Enabled
TESTSGT23,MariLuz,EMPTY,Enabled
TESTSGT23,PACO,EMPTY,Enabled
TESTSGT23,PRINT,EMPTY,Enabled
TESTSGT23,Quarantined_Systems,EMPTY,Enabled
TESTSGT23,REPSOL,EMPTY,Enabled
TESTSGT23,TESTSGT21,EMPTY,Enabled
TESTSGT23,TESTSGT22,EMPTY,Enabled
TESTSGT23,TESTSGT23,EMPTY,Enabled
TESTSGT23,TESTSGT3,EMPTY,Enabled
TESTSGT23,TESTSGT4,EMPTY,Enabled
TESTSGT23,TESTSGT5,EMPTY,Enabled
TESTSGT23,TESTSGT6,EMPTY,Enabled
TESTSGT23,TESTSGT7,EMPTY,Enabled
TESTSGT23,TESTSGT8,EMPTY,Enabled
TESTSGT23,THIN,EMPTY,Enabled
TESTSGT23,TLF,EMPTY,Enabled
TESTSGT23,TOIP,EMPTY,Enabled
TESTSGT23,UPS,EMPTY,Enabled
TESTSGT23,Unknown,EMPTY,Enabled
TESTSGT23,VISIT,EMPTY,Enabled
TESTSGT23,WCOR,EMPTY,Enabled
TESTSGT23,WGUEST,EMPTY,Enabled
TESTSGT23,WINT,EMPTY,Enabled
TESTSGT23,WMIR,EMPTY,Enabled
TESTSGT23,WPDA,EMPTY,Enabled
TESTSGT23,WVOIP,EMPTY,Enabled
TESTSGT23,asier,EMPTY,Enabled
TESTSGT23,dddd,EMPTY,Enabled
TESTSGT23,istvan,EMPTY,Enabled
TESTSGT23,istvan3,EMPTY,Enabled
TESTSGT3,AP,EMPTY,Enabled
TESTSGT3,AUT,EMPTY,Enabled
TESTSGT3,Abelardo,EMPTY,Enabled
TESTSGT3,COR,EMPTY,Enabled
TESTSGT3,EKO,EMPTY,Enabled
TESTSGT3,EXT,EMPTY,Enabled
TESTSGT3,FMC,EMPTY,Enabled
TESTSGT3,GuestMobile,EMPTY,Enabled
TESTSGT3,GuestWS,EMPTY,Enabled
TESTSGT3,Guests,EMPTY,Enabled
TESTSGT3,JuanP,EMPTY,Enabled
TESTSGT3,LAB1,EMPTY,Enabled
TESTSGT3,LAB2,EMPTY,Enabled
TESTSGT3,Lorenzo,EMPTY,Enabled
TESTSGT3,Luis,EMPTY,Enabled
TESTSGT3,MM,EMPTY,Enabled
TESTSGT3,MariLuz,EMPTY,Enabled
TESTSGT3,PACO,EMPTY,Enabled
TESTSGT3,PRINT,EMPTY,Enabled
TESTSGT3,Quarantined_Systems,EMPTY,Enabled
TESTSGT3,REPSOL,EMPTY,Enabled
TESTSGT3,TESTSGT21,EMPTY,Enabled
TESTSGT3,TESTSGT22,EMPTY,Enabled
TESTSGT3,TESTSGT23,EMPTY,Enabled
TESTSGT3,TESTSGT3,EMPTY,Enabled
TESTSGT3,TESTSGT4,EMPTY,Enabled
TESTSGT3,TESTSGT5,EMPTY,Enabled
TESTSGT3,TESTSGT6,EMPTY,Enabled
TESTSGT3,TESTSGT7,EMPTY,Enabled
TESTSGT3,TESTSGT8,EMPTY,Enabled
TESTSGT3,THIN,EMPTY,Enabled
TESTSGT3,TLF,EMPTY,Enabled
TESTSGT3,TOIP,EMPTY,Enabled
TESTSGT3,UPS,EMPTY,Enabled
TESTSGT3,Unknown,EMPTY,Enabled
TESTSGT3,VISIT,EMPTY,Enabled
TESTSGT3,WCOR,EMPTY,Enabled
TESTSGT3,WGUEST,EMPTY,Enabled
TESTSGT3,WINT,EMPTY,Enabled
TESTSGT3,WMIR,EMPTY,Enabled
TESTSGT3,WPDA,EMPTY,Enabled
TESTSGT3,WVOIP,EMPTY,Enabled
TESTSGT3,asier,EMPTY,Enabled
TESTSGT3,dddd,EMPTY,Enabled
TESTSGT3,istvan,EMPTY,Enabled
TESTSGT3,istvan3,EMPTY,Enabled
TESTSGT4,AP,EMPTY,Enabled
TESTSGT4,AUT,EMPTY,Enabled
TESTSGT4,Abelardo,EMPTY,Enabled
TESTSGT4,COR,EMPTY,Enabled
TESTSGT4,EKO,EMPTY,Enabled
TESTSGT4,EXT,EMPTY,Enabled
TESTSGT4,FMC,EMPTY,Enabled
TESTSGT4,GuestMobile,EMPTY,Enabled
TESTSGT4,GuestWS,EMPTY,Enabled
TESTSGT4,Guests,EMPTY,Enabled
TESTSGT4,JuanP,EMPTY,Enabled
TESTSGT4,LAB1,EMPTY,Enabled
TESTSGT4,LAB2,EMPTY,Enabled
TESTSGT4,Lorenzo,EMPTY,Enabled
TESTSGT4,Luis,EMPTY,Enabled
TESTSGT4,MM,EMPTY,Enabled
TESTSGT4,MariLuz,EMPTY,Enabled
TESTSGT4,PACO,EMPTY,Enabled
TESTSGT4,PRINT,EMPTY,Enabled
TESTSGT4,Quarantined_Systems,EMPTY,Enabled
TESTSGT4,REPSOL,EMPTY,Enabled
TESTSGT4,TESTSGT21,EMPTY,Enabled
TESTSGT4,TESTSGT22,EMPTY,Enabled
TESTSGT4,TESTSGT23,EMPTY,Enabled
TESTSGT4,TESTSGT3,EMPTY,Enabled
TESTSGT4,TESTSGT4,EMPTY,Enabled
TESTSGT4,TESTSGT5,EMPTY,Enabled
TESTSGT4,TESTSGT6,EMPTY,Enabled
TESTSGT4,TESTSGT7,EMPTY,Enabled
TESTSGT4,TESTSGT8,EMPTY,Enabled
TESTSGT4,THIN,EMPTY,Enabled
TESTSGT4,TLF,EMPTY,Enabled
TESTSGT4,TOIP,EMPTY,Enabled
TESTSGT4,UPS,EMPTY,Enabled
TESTSGT4,Unknown,EMPTY,Enabled
TESTSGT4,VISIT,EMPTY,Enabled
TESTSGT4,WCOR,EMPTY,Enabled
TESTSGT4,WGUEST,EMPTY,Enabled
TESTSGT4,WINT,EMPTY,Enabled
TESTSGT4,WMIR,EMPTY,Enabled
TESTSGT4,WPDA,EMPTY,Enabled
TESTSGT4,WVOIP,EMPTY,Enabled
TESTSGT4,asier,EMPTY,Enabled
TESTSGT4,dddd,EMPTY,Enabled
TESTSGT4,istvan,EMPTY,Enabled
TESTSGT4,istvan3,EMPTY,Enabled
TESTSGT5,AP,EMPTY,Enabled
TESTSGT5,AUT,EMPTY,Enabled
TESTSGT5,Abelardo,EMPTY,Enabled
TESTSGT5,COR,EMPTY,Enabled
TESTSGT5,EKO,EMPTY,Enabled
TESTSGT5,EXT,EMPTY,Enabled
TESTSGT5,FMC,EMPTY,Enabled
TESTSGT5,GuestMobile,EMPTY,Enabled
TESTSGT5,GuestWS,EMPTY,Enabled
TESTSGT5,Guests,EMPTY,Enabled
TESTSGT5,JuanP,EMPTY,Enabled
TESTSGT5,LAB1,EMPTY,Enabled
TESTSGT5,LAB2,EMPTY,Enabled
TESTSGT5,Lorenzo,EMPTY,Enabled
TESTSGT5,Luis,EMPTY,Enabled
TESTSGT5,MM,EMPTY,Enabled
TESTSGT5,MariLuz,EMPTY,Enabled
TESTSGT5,PACO,EMPTY,Enabled
TESTSGT5,PRINT,EMPTY,Enabled
TESTSGT5,Quarantined_Systems,EMPTY,Enabled
TESTSGT5,REPSOL,EMPTY,Enabled
TESTSGT5,TESTSGT21,EMPTY,Enabled
TESTSGT5,TESTSGT22,EMPTY,Enabled
TESTSGT5,TESTSGT23,EMPTY,Enabled
TESTSGT5,TESTSGT3,EMPTY,Enabled
TESTSGT5,TESTSGT4,EMPTY,Enabled
TESTSGT5,TESTSGT5,EMPTY,Enabled
TESTSGT5,TESTSGT6,EMPTY,Enabled
TESTSGT5,TESTSGT7,EMPTY,Enabled
TESTSGT5,TESTSGT8,EMPTY,Enabled
TESTSGT5,THIN,EMPTY,Enabled
TESTSGT5,TLF,EMPTY,Enabled
TESTSGT5,TOIP,EMPTY,Enabled
TESTSGT5,UPS,EMPTY,Enabled
TESTSGT5,Unknown,EMPTY,Enabled
TESTSGT5,VISIT,EMPTY,Enabled
TESTSGT5,WCOR,EMPTY,Enabled
TESTSGT5,WGUEST,EMPTY,Enabled
TESTSGT5,WINT,EMPTY,Enabled
TESTSGT5,WMIR,EMPTY,Enabled
TESTSGT5,WPDA,EMPTY,Enabled
TESTSGT5,WVOIP,EMPTY,Enabled
TESTSGT5,asier,EMPTY,Enabled
TESTSGT5,dddd,EMPTY,Enabled
TESTSGT5,istvan,EMPTY,Enabled
TESTSGT5,istvan3,EMPTY,Enabled
TESTSGT6,AP,EMPTY,Enabled
TESTSGT6,AUT,EMPTY,Enabled
TESTSGT6,Abelardo,EMPTY,Enabled
TESTSGT6,COR,EMPTY,Enabled
TESTSGT6,EKO,EMPTY,Enabled
TESTSGT6,EXT,EMPTY,Enabled
TESTSGT6,FMC,EMPTY,Enabled
TESTSGT6,GuestMobile,EMPTY,Enabled
TESTSGT6,GuestWS,EMPTY,Enabled
TESTSGT6,Guests,EMPTY,Enabled
TESTSGT6,JuanP,EMPTY,Enabled
TESTSGT6,LAB1,EMPTY,Enabled
TESTSGT6,LAB2,EMPTY,Enabled
TESTSGT6,Lorenzo,EMPTY,Enabled
TESTSGT6,Luis,EMPTY,Enabled
TESTSGT6,MM,EMPTY,Enabled
TESTSGT6,MariLuz,EMPTY,Enabled
TESTSGT6,PACO,EMPTY,Enabled
TESTSGT6,PRINT,EMPTY,Enabled
TESTSGT6,Quarantined_Systems,EMPTY,Enabled
TESTSGT6,REPSOL,EMPTY,Enabled
TESTSGT6,TESTSGT21,EMPTY,Enabled
TESTSGT6,TESTSGT22,EMPTY,Enabled
TESTSGT6,TESTSGT23,EMPTY,Enabled
TESTSGT6,TESTSGT3,EMPTY,Enabled
TESTSGT6,TESTSGT4,EMPTY,Enabled
TESTSGT6,TESTSGT5,EMPTY,Enabled
TESTSGT6,TESTSGT6,EMPTY,Enabled
TESTSGT6,TESTSGT7,EMPTY,Enabled
TESTSGT6,TESTSGT8,EMPTY,Enabled
TESTSGT6,THIN,EMPTY,Enabled
TESTSGT6,TLF,EMPTY,Enabled
TESTSGT6,TOIP,EMPTY,Enabled
TESTSGT6,UPS,EMPTY,Enabled
TESTSGT6,Unknown,EMPTY,Enabled
TESTSGT6,VISIT,EMPTY,Enabled
TESTSGT6,WCOR,EMPTY,Enabled
TESTSGT6,WGUEST,EMPTY,Enabled
TESTSGT6,WINT,EMPTY,Enabled
TESTSGT6,WMIR,EMPTY,Enabled
TESTSGT6,WPDA,EMPTY,Enabled
TESTSGT6,WVOIP,EMPTY,Enabled
TESTSGT6,asier,EMPTY,Enabled
TESTSGT6,dddd,EMPTY,Enabled
TESTSGT6,istvan,EMPTY,Enabled
TESTSGT6,istvan3,EMPTY,Enabled
TESTSGT7,AP,EMPTY,Enabled
TESTSGT7,AUT,EMPTY,Enabled
TESTSGT7,Abelardo,EMPTY,Enabled
TESTSGT7,COR,EMPTY,Enabled
TESTSGT7,EKO,EMPTY,Enabled
TESTSGT7,EXT,EMPTY,Enabled
TESTSGT7,FMC,EMPTY,Enabled
TESTSGT7,GuestMobile,EMPTY,Enabled
TESTSGT7,GuestWS,EMPTY,Enabled
TESTSGT7,Guests,EMPTY,Enabled
TESTSGT7,JuanP,EMPTY,Enabled
TESTSGT7,LAB1,EMPTY,Enabled
TESTSGT7,LAB2,EMPTY,Enabled
TESTSGT7,Lorenzo,EMPTY,Enabled
TESTSGT7,Luis,EMPTY,Enabled
TESTSGT7,MM,EMPTY,Enabled
TESTSGT7,MariLuz,EMPTY,Enabled
TESTSGT7,PACO,EMPTY,Enabled
TESTSGT7,PRINT,EMPTY,Enabled
TESTSGT7,Quarantined_Systems,EMPTY,Enabled
TESTSGT7,REPSOL,EMPTY,Enabled
TESTSGT7,TESTSGT21,EMPTY,Enabled
TESTSGT7,TESTSGT22,EMPTY,Enabled
TESTSGT7,TESTSGT23,EMPTY,Enabled
TESTSGT7,TESTSGT3,EMPTY,Enabled
TESTSGT7,TESTSGT4,EMPTY,Enabled
TESTSGT7,TESTSGT5,EMPTY,Enabled
TESTSGT7,TESTSGT6,EMPTY,Enabled
TESTSGT7,TESTSGT7,EMPTY,Enabled
TESTSGT7,TESTSGT8,EMPTY,Enabled
TESTSGT7,THIN,EMPTY,Enabled
TESTSGT7,TLF,EMPTY,Enabled
TESTSGT7,TOIP,EMPTY,Enabled
TESTSGT7,UPS,EMPTY,Enabled
TESTSGT7,Unknown,EMPTY,Enabled
TESTSGT7,VISIT,EMPTY,Enabled
TESTSGT7,WCOR,EMPTY,Enabled
TESTSGT7,WGUEST,EMPTY,Enabled
TESTSGT7,WINT,EMPTY,Enabled
TESTSGT7,WMIR,EMPTY,Enabled
TESTSGT7,WPDA,EMPTY,Enabled
TESTSGT7,WVOIP,EMPTY,Enabled
TESTSGT7,asier,EMPTY,Enabled
TESTSGT7,dddd,EMPTY,Enabled
TESTSGT7,istvan,EMPTY,Enabled
TESTSGT7,istvan3,EMPTY,Enabled
TESTSGT8,AP,EMPTY,Enabled
TESTSGT8,AUT,EMPTY,Enabled
TESTSGT8,Abelardo,EMPTY,Enabled
TESTSGT8,COR,EMPTY,Enabled
TESTSGT8,EKO,EMPTY,Enabled
TESTSGT8,EXT,EMPTY,Enabled
TESTSGT8,FMC,EMPTY,Enabled
TESTSGT8,GuestMobile,EMPTY,Enabled
TESTSGT8,GuestWS,EMPTY,Enabled
TESTSGT8,Guests,EMPTY,Enabled
TESTSGT8,JuanP,EMPTY,Enabled
TESTSGT8,LAB1,EMPTY,Enabled
TESTSGT8,LAB2,EMPTY,Enabled
TESTSGT8,Lorenzo,EMPTY,Enabled
TESTSGT8,Luis,EMPTY,Enabled
TESTSGT8,MM,EMPTY,Enabled
TESTSGT8,MariLuz,EMPTY,Enabled
TESTSGT8,PACO,EMPTY,Enabled
TESTSGT8,PRINT,EMPTY,Enabled
TESTSGT8,Quarantined_Systems,EMPTY,Enabled
TESTSGT8,REPSOL,EMPTY,Enabled
TESTSGT8,TESTSGT21,EMPTY,Enabled
TESTSGT8,TESTSGT22,EMPTY,Enabled
TESTSGT8,TESTSGT23,EMPTY,Enabled
TESTSGT8,TESTSGT3,EMPTY,Enabled
TESTSGT8,TESTSGT4,EMPTY,Enabled
TESTSGT8,TESTSGT5,EMPTY,Enabled
TESTSGT8,TESTSGT6,EMPTY,Enabled
TESTSGT8,TESTSGT7,EMPTY,Enabled
TESTSGT8,TESTSGT8,EMPTY,Enabled
TESTSGT8,THIN,EMPTY,Enabled
TESTSGT8,TLF,EMPTY,Enabled
TESTSGT8,TOIP,EMPTY,Enabled
TESTSGT8,UPS,EMPTY,Enabled
TESTSGT8,Unknown,EMPTY,Enabled
TESTSGT8,VISIT,EMPTY,Enabled
TESTSGT8,WCOR,EMPTY,Enabled
TESTSGT8,WGUEST,EMPTY,Enabled
TESTSGT8,WINT,EMPTY,Enabled
TESTSGT8,WMIR,EMPTY,Enabled
TESTSGT8,WPDA,EMPTY,Enabled
TESTSGT8,WVOIP,EMPTY,Enabled
TESTSGT8,asier,EMPTY,Enabled
TESTSGT8,dddd,EMPTY,Enabled
TESTSGT8,istvan,EMPTY,Enabled
TESTSGT8,istvan3,EMPTY,Enabled
THIN,AP,EMPTY,Enabled
THIN,AUT,EMPTY,Enabled
THIN,Abelardo,EMPTY,Enabled
THIN,COR,EMPTY,Enabled
THIN,EKO,EMPTY,Enabled
THIN,EXT,EMPTY,Enabled
THIN,FMC,EMPTY,Enabled
THIN,GuestMobile,EMPTY,Enabled
THIN,GuestWS,EMPTY,Enabled
THIN,Guests,EMPTY,Enabled
THIN,JuanP,EMPTY,Enabled
THIN,LAB1,EMPTY,Enabled
THIN,LAB2,EMPTY,Enabled
THIN,Lorenzo,EMPTY,Enabled
THIN,Luis,EMPTY,Enabled
THIN,MM,EMPTY,Enabled
THIN,MariLuz,EMPTY,Enabled
THIN,PACO,EMPTY,Enabled
THIN,PRINT,EMPTY,Enabled
THIN,Quarantined_Systems,EMPTY,Enabled
THIN,REPSOL,EMPTY,Enabled
THIN,TESTSGT21,EMPTY,Enabled
THIN,TESTSGT22,EMPTY,Enabled
THIN,TESTSGT23,EMPTY,Enabled
THIN,TESTSGT3,EMPTY,Enabled
THIN,TESTSGT4,EMPTY,Enabled
THIN,TESTSGT5,EMPTY,Enabled
THIN,TESTSGT6,EMPTY,Enabled
THIN,TESTSGT7,EMPTY,Enabled
THIN,TESTSGT8,EMPTY,Enabled
THIN,THIN,EMPTY,Enabled
THIN,TLF,EMPTY,Enabled
THIN,TOIP,EMPTY,Enabled
THIN,UPS,EMPTY,Enabled
THIN,Unknown,EMPTY,Enabled
THIN,VISIT,Deny IP,Enabled
THIN,WCOR,EMPTY,Enabled
THIN,WGUEST,EMPTY,Enabled
THIN,WINT,EMPTY,Enabled
THIN,WMIR,EMPTY,Enabled
THIN,WPDA,EMPTY,Enabled
THIN,WVOIP,EMPTY,Enabled
THIN,asier,EMPTY,Enabled
THIN,dddd,EMPTY,Enabled
THIN,istvan,EMPTY,Enabled
THIN,istvan3,EMPTY,Enabled
TLF,AP,EMPTY,Enabled
TLF,AUT,EMPTY,Enabled
TLF,Abelardo,EMPTY,Enabled
TLF,COR,EMPTY,Enabled
TLF,EKO,EMPTY,Enabled
TLF,EXT,EMPTY,Enabled
TLF,FMC,EMPTY,Enabled
TLF,GuestMobile,EMPTY,Enabled
TLF,GuestWS,EMPTY,Enabled
TLF,Guests,EMPTY,Enabled
TLF,JuanP,EMPTY,Enabled
TLF,LAB1,EMPTY,Enabled
TLF,LAB2,EMPTY,Enabled
TLF,Lorenzo,EMPTY,Enabled
TLF,Luis,EMPTY,Enabled
TLF,MM,EMPTY,Enabled
TLF,MariLuz,EMPTY,Enabled
TLF,PACO,EMPTY,Enabled
TLF,PRINT,EMPTY,Enabled
TLF,Quarantined_Systems,EMPTY,Enabled
TLF,REPSOL,EMPTY,Enabled
TLF,TESTSGT21,EMPTY,Enabled
TLF,TESTSGT22,EMPTY,Enabled
TLF,TESTSGT23,EMPTY,Enabled
TLF,TESTSGT3,EMPTY,Enabled
TLF,TESTSGT4,EMPTY,Enabled
TLF,TESTSGT5,EMPTY,Enabled
TLF,TESTSGT6,EMPTY,Enabled
TLF,TESTSGT7,EMPTY,Enabled
TLF,TESTSGT8,EMPTY,Enabled
TLF,THIN,EMPTY,Enabled
TLF,TLF,EMPTY,Enabled
TLF,TOIP,EMPTY,Enabled
TLF,UPS,EMPTY,Enabled
TLF,Unknown,EMPTY,Enabled
TLF,VISIT,EMPTY,Enabled
TLF,WCOR,EMPTY,Enabled
TLF,WGUEST,EMPTY,Enabled
TLF,WINT,EMPTY,Enabled
TLF,WMIR,EMPTY,Enabled
TLF,WPDA,EMPTY,Enabled
TLF,WVOIP,EMPTY,Enabled
TLF,asier,EMPTY,Enabled
TLF,dddd,EMPTY,Enabled
TLF,istvan,EMPTY,Enabled
TLF,istvan3,EMPTY,Enabled
TOIP,AP,EMPTY,Enabled
TOIP,AUT,EMPTY,Enabled
TOIP,Abelardo,EMPTY,Enabled
TOIP,COR,EMPTY,Enabled
TOIP,EKO,EMPTY,Enabled
TOIP,EXT,EMPTY,Enabled
TOIP,FMC,EMPTY,Enabled
TOIP,GuestMobile,EMPTY,Enabled
TOIP,GuestWS,EMPTY,Enabled
TOIP,Guests,EMPTY,Enabled
TOIP,JuanP,EMPTY,Enabled
TOIP,LAB1,EMPTY,Enabled
TOIP,LAB2,EMPTY,Enabled
TOIP,Lorenzo,EMPTY,Enabled
TOIP,Luis,EMPTY,Enabled
TOIP,MM,EMPTY,Enabled
TOIP,MariLuz,EMPTY,Enabled
TOIP,PACO,EMPTY,Enabled
TOIP,PRINT,EMPTY,Enabled
TOIP,Quarantined_Systems,EMPTY,Enabled
TOIP,REPSOL,EMPTY,Enabled
TOIP,TESTSGT21,EMPTY,Enabled
TOIP,TESTSGT22,EMPTY,Enabled
TOIP,TESTSGT23,EMPTY,Enabled
TOIP,TESTSGT3,EMPTY,Enabled
TOIP,TESTSGT4,EMPTY,Enabled
TOIP,TESTSGT5,EMPTY,Enabled
TOIP,TESTSGT6,EMPTY,Enabled
TOIP,TESTSGT7,EMPTY,Enabled
TOIP,TESTSGT8,EMPTY,Enabled
TOIP,THIN,EMPTY,Enabled
TOIP,TLF,EMPTY,Enabled
TOIP,TOIP,EMPTY,Enabled
TOIP,UPS,EMPTY,Enabled
TOIP,Unknown,EMPTY,Enabled
TOIP,VISIT,EMPTY,Enabled
TOIP,WCOR,EMPTY,Enabled
TOIP,WGUEST,EMPTY,Enabled
TOIP,WINT,EMPTY,Enabled
TOIP,WMIR,EMPTY,Enabled
TOIP,WPDA,EMPTY,Enabled
TOIP,WVOIP,EMPTY,Enabled
TOIP,asier,EMPTY,Enabled
TOIP,dddd,EMPTY,Enabled
TOIP,istvan,EMPTY,Enabled
TOIP,istvan3,EMPTY,Enabled
UPS,AP,EMPTY,Enabled
UPS,AUT,EMPTY,Enabled
UPS,Abelardo,EMPTY,Enabled
UPS,COR,EMPTY,Enabled
UPS,EKO,EMPTY,Enabled
UPS,EXT,EMPTY,Enabled
UPS,FMC,EMPTY,Enabled
UPS,GuestMobile,EMPTY,Enabled
UPS,GuestWS,EMPTY,Enabled
UPS,Guests,EMPTY,Enabled
UPS,JuanP,EMPTY,Enabled
UPS,LAB1,EMPTY,Enabled
UPS,LAB2,EMPTY,Enabled
UPS,Lorenzo,EMPTY,Enabled
UPS,Luis,EMPTY,Enabled
UPS,MM,EMPTY,Enabled
UPS,MariLuz,EMPTY,Enabled
UPS,PACO,EMPTY,Enabled
UPS,PRINT,EMPTY,Enabled
UPS,Quarantined_Systems,EMPTY,Enabled
UPS,REPSOL,EMPTY,Enabled
UPS,TESTSGT21,EMPTY,Enabled
UPS,TESTSGT22,EMPTY,Enabled
UPS,TESTSGT23,EMPTY,Enabled
UPS,TESTSGT3,EMPTY,Enabled
UPS,TESTSGT4,EMPTY,Enabled
UPS,TESTSGT5,EMPTY,Enabled
UPS,TESTSGT6,EMPTY,Enabled
UPS,TESTSGT7,EMPTY,Enabled
UPS,TESTSGT8,EMPTY,Enabled
UPS,THIN,EMPTY,Enabled
UPS,TLF,EMPTY,Enabled
UPS,TOIP,EMPTY,Enabled
UPS,UPS,EMPTY,Enabled
UPS,Unknown,EMPTY,Enabled
UPS,VISIT,EMPTY,Enabled
UPS,WCOR,EMPTY,Enabled
UPS,WGUEST,EMPTY,Enabled
UPS,WINT,EMPTY,Enabled
UPS,WMIR,EMPTY,Enabled
UPS,WPDA,EMPTY,Enabled
UPS,WVOIP,EMPTY,Enabled
UPS,asier,EMPTY,Enabled
UPS,dddd,EMPTY,Enabled
UPS,istvan,EMPTY,Enabled
UPS,istvan3,EMPTY,Enabled
Unknown,AP,EMPTY,Enabled
Unknown,AUT,EMPTY,Enabled
Unknown,Abelardo,EMPTY,Enabled
Unknown,COR,EMPTY,Enabled
Unknown,EKO,EMPTY,Enabled
Unknown,EXT,EMPTY,Enabled
Unknown,FMC,EMPTY,Enabled
Unknown,GuestMobile,EMPTY,Enabled
Unknown,GuestWS,EMPTY,Enabled
Unknown,Guests,EMPTY,Enabled
Unknown,JuanP,EMPTY,Enabled
Unknown,LAB1,EMPTY,Enabled
Unknown,LAB2,EMPTY,Enabled
Unknown,Lorenzo,EMPTY,Enabled
Unknown,Luis,EMPTY,Enabled
Unknown,MM,EMPTY,Enabled
Unknown,MariLuz,EMPTY,Enabled
Unknown,PACO,EMPTY,Enabled
Unknown,PRINT,EMPTY,Enabled
Unknown,Quarantined_Systems,EMPTY,Enabled
Unknown,REPSOL,EMPTY,Enabled
Unknown,TESTSGT21,EMPTY,Enabled
Unknown,TESTSGT22,EMPTY,Enabled
Unknown,TESTSGT23,EMPTY,Enabled
Unknown,TESTSGT3,EMPTY,Enabled
Unknown,TESTSGT4,EMPTY,Enabled
Unknown,TESTSGT5,EMPTY,Enabled
Unknown,TESTSGT6,EMPTY,Enabled
Unknown,TESTSGT7,EMPTY,Enabled
Unknown,TESTSGT8,EMPTY,Enabled
Unknown,THIN,EMPTY,Enabled
Unknown,TLF,EMPTY,Enabled
Unknown,TOIP,EMPTY,Enabled
Unknown,UPS,EMPTY,Enabled
Unknown,Unknown,EMPTY,Enabled
Unknown,VISIT,EMPTY,Enabled
Unknown,WCOR,EMPTY,Enabled
Unknown,WGUEST,EMPTY,Enabled
Unknown,WINT,EMPTY,Enabled
Unknown,WMIR,EMPTY,Enabled
Unknown,WPDA,EMPTY,Enabled
Unknown,WVOIP,EMPTY,Enabled
Unknown,asier,EMPTY,Enabled
Unknown,dddd,EMPTY,Enabled
Unknown,istvan,EMPTY,Enabled
Unknown,istvan3,EMPTY,Enabled
VISIT,AP,EMPTY,Enabled
VISIT,AUT,EMPTY,Enabled
VISIT,Abelardo,EMPTY,Enabled
VISIT,COR,EMPTY,Enabled
VISIT,EKO,EMPTY,Enabled
VISIT,EXT,Deny IP,Enabled
VISIT,FMC,EMPTY,Enabled
VISIT,GuestMobile,EMPTY,Enabled
VISIT,GuestWS,EMPTY,Enabled
VISIT,Guests,EMPTY,Enabled
VISIT,JuanP,EMPTY,Enabled
VISIT,LAB1,EMPTY,Enabled
VISIT,LAB2,EMPTY,Enabled
VISIT,Lorenzo,EMPTY,Enabled
VISIT,Luis,EMPTY,Enabled
VISIT,MM,EMPTY,Enabled
VISIT,MariLuz,EMPTY,Enabled
VISIT,PACO,EMPTY,Enabled
VISIT,PRINT,EMPTY,Enabled
VISIT,Quarantined_Systems,EMPTY,Enabled
VISIT,REPSOL,EMPTY,Enabled
VISIT,TESTSGT21,EMPTY,Enabled
VISIT,TESTSGT22,EMPTY,Enabled
VISIT,TESTSGT23,EMPTY,Enabled
VISIT,TESTSGT3,EMPTY,Enabled
VISIT,TESTSGT4,EMPTY,Enabled
VISIT,TESTSGT5,EMPTY,Enabled
VISIT,TESTSGT6,EMPTY,Enabled
VISIT,TESTSGT7,EMPTY,Enabled
VISIT,TESTSGT8,EMPTY,Enabled
VISIT,THIN,Deny IP,Enabled
VISIT,TLF,EMPTY,Enabled
VISIT,TOIP,EMPTY,Enabled
VISIT,UPS,EMPTY,Enabled
VISIT,Unknown,EMPTY,Enabled
VISIT,VISIT,EMPTY,Enabled
VISIT,WCOR,EMPTY,Enabled
VISIT,WGUEST,EMPTY,Enabled
VISIT,WINT,EMPTY,Enabled
VISIT,WMIR,EMPTY,Enabled
VISIT,WPDA,EMPTY,Enabled
VISIT,WVOIP,EMPTY,Enabled
VISIT,asier,EMPTY,Enabled
VISIT,dddd,EMPTY,Enabled
VISIT,istvan,EMPTY,Enabled
VISIT,istvan3,EMPTY,Enabled
WCOR,AP,EMPTY,Enabled
WCOR,AUT,EMPTY,Enabled
WCOR,Abelardo,EMPTY,Enabled
WCOR,COR,EMPTY,Enabled
WCOR,EKO,EMPTY,Enabled
WCOR,EXT,Deny IP,Enabled
WCOR,FMC,EMPTY,Enabled
WCOR,GuestMobile,EMPTY,Enabled
WCOR,GuestWS,EMPTY,Enabled
WCOR,Guests,EMPTY,Enabled
WCOR,JuanP,EMPTY,Enabled
WCOR,LAB1,EMPTY,Enabled
WCOR,LAB2,EMPTY,Enabled
WCOR,Lorenzo,EMPTY,Enabled
WCOR,Luis,EMPTY,Enabled
WCOR,MM,EMPTY,Enabled
WCOR,MariLuz,EMPTY,Enabled
WCOR,PACO,EMPTY,Enabled
WCOR,PRINT,EMPTY,Enabled
WCOR,Quarantined_Systems,EMPTY,Enabled
WCOR,REPSOL,EMPTY,Enabled
WCOR,TESTSGT21,EMPTY,Enabled
WCOR,TESTSGT22,EMPTY,Enabled
WCOR,TESTSGT23,EMPTY,Enabled
WCOR,TESTSGT3,EMPTY,Enabled
WCOR,TESTSGT4,EMPTY,Enabled
WCOR,TESTSGT5,EMPTY,Enabled
WCOR,TESTSGT6,EMPTY,Enabled
WCOR,TESTSGT7,EMPTY,Enabled
WCOR,TESTSGT8,EMPTY,Enabled
WCOR,THIN,EMPTY,Enabled
WCOR,TLF,EMPTY,Enabled
WCOR,TOIP,EMPTY,Enabled
WCOR,UPS,EMPTY,Enabled
WCOR,Unknown,EMPTY,Enabled
WCOR,VISIT,EMPTY,Enabled
WCOR,WCOR,EMPTY,Enabled
WCOR,WGUEST,EMPTY,Enabled
WCOR,WINT,EMPTY,Enabled
WCOR,WMIR,EMPTY,Enabled
WCOR,WPDA,EMPTY,Enabled
WCOR,WVOIP,EMPTY,Enabled
WCOR,asier,EMPTY,Enabled
WCOR,dddd,EMPTY,Enabled
WCOR,istvan,EMPTY,Enabled
WCOR,istvan3,EMPTY,Enabled
WGUEST,AP,EMPTY,Enabled
WGUEST,AUT,EMPTY,Enabled
WGUEST,Abelardo,EMPTY,Enabled
WGUEST,COR,EMPTY,Enabled
WGUEST,EKO,EMPTY,Enabled
WGUEST,EXT,EMPTY,Enabled
WGUEST,FMC,EMPTY,Enabled
WGUEST,GuestMobile,EMPTY,Enabled
WGUEST,GuestWS,EMPTY,Enabled
WGUEST,Guests,EMPTY,Enabled
WGUEST,JuanP,EMPTY,Enabled
WGUEST,LAB1,EMPTY,Enabled
WGUEST,LAB2,EMPTY,Enabled
WGUEST,Lorenzo,EMPTY,Enabled
WGUEST,Luis,EMPTY,Enabled
WGUEST,MM,EMPTY,Enabled
WGUEST,MariLuz,EMPTY,Enabled
WGUEST,PACO,EMPTY,Enabled
WGUEST,PRINT,EMPTY,Enabled
WGUEST,Quarantined_Systems,EMPTY,Enabled
WGUEST,REPSOL,EMPTY,Enabled
WGUEST,TESTSGT21,EMPTY,Enabled
WGUEST,TESTSGT22,EMPTY,Enabled
WGUEST,TESTSGT23,EMPTY,Enabled
WGUEST,TESTSGT3,EMPTY,Enabled
WGUEST,TESTSGT4,EMPTY,Enabled
WGUEST,TESTSGT5,EMPTY,Enabled
WGUEST,TESTSGT6,EMPTY,Enabled
WGUEST,TESTSGT7,EMPTY,Enabled
WGUEST,TESTSGT8,EMPTY,Enabled
WGUEST,THIN,EMPTY,Enabled
WGUEST,TLF,EMPTY,Enabled
WGUEST,TOIP,EMPTY,Enabled
WGUEST,UPS,EMPTY,Enabled
WGUEST,Unknown,EMPTY,Enabled
WGUEST,VISIT,EMPTY,Enabled
WGUEST,WCOR,EMPTY,Enabled
WGUEST,WGUEST,EMPTY,Enabled
WGUEST,WINT,EMPTY,Enabled
WGUEST,WMIR,EMPTY,Enabled
WGUEST,WPDA,EMPTY,Enabled
WGUEST,WVOIP,EMPTY,Enabled
WGUEST,asier,EMPTY,Enabled
WGUEST,dddd,EMPTY,Enabled
WGUEST,istvan,EMPTY,Enabled
WGUEST,istvan3,EMPTY,Enabled
WINT,AP,EMPTY,Enabled
WINT,AUT,EMPTY,Enabled
WINT,Abelardo,EMPTY,Enabled
WINT,COR,EMPTY,Enabled
WINT,EKO,EMPTY,Enabled
WINT,EXT,EMPTY,Enabled
WINT,FMC,EMPTY,Enabled
WINT,GuestMobile,EMPTY,Enabled
WINT,GuestWS,EMPTY,Enabled
WINT,Guests,EMPTY,Enabled
WINT,JuanP,EMPTY,Enabled
WINT,LAB1,EMPTY,Enabled
WINT,LAB2,EMPTY,Enabled
WINT,Lorenzo,EMPTY,Enabled
WINT,Luis,EMPTY,Enabled
WINT,MM,EMPTY,Enabled
WINT,MariLuz,EMPTY,Enabled
WINT,PACO,EMPTY,Enabled
WINT,PRINT,EMPTY,Enabled
WINT,Quarantined_Systems,EMPTY,Enabled
WINT,REPSOL,EMPTY,Enabled
WINT,TESTSGT21,EMPTY,Enabled
WINT,TESTSGT22,EMPTY,Enabled
WINT,TESTSGT23,EMPTY,Enabled
WINT,TESTSGT3,EMPTY,Enabled
WINT,TESTSGT4,EMPTY,Enabled
WINT,TESTSGT5,EMPTY,Enabled
WINT,TESTSGT6,EMPTY,Enabled
WINT,TESTSGT7,EMPTY,Enabled
WINT,TESTSGT8,EMPTY,Enabled
WINT,THIN,EMPTY,Enabled
WINT,TLF,EMPTY,Enabled
WINT,TOIP,EMPTY,Enabled
WINT,UPS,EMPTY,Enabled
WINT,Unknown,EMPTY,Enabled
WINT,VISIT,EMPTY,Enabled
WINT,WCOR,EMPTY,Enabled
WINT,WGUEST,EMPTY,Enabled
WINT,WINT,EMPTY,Enabled
WINT,WMIR,EMPTY,Enabled
WINT,WPDA,EMPTY,Enabled
WINT,WVOIP,EMPTY,Enabled
WINT,asier,EMPTY,Enabled
WINT,dddd,EMPTY,Enabled
WINT,istvan,EMPTY,Enabled
WINT,istvan3,EMPTY,Enabled
WMIR,AP,EMPTY,Enabled
WMIR,AUT,EMPTY,Enabled
WMIR,Abelardo,EMPTY,Enabled
WMIR,COR,EMPTY,Enabled
WMIR,EKO,EMPTY,Enabled
WMIR,EXT,EMPTY,Enabled
WMIR,FMC,EMPTY,Enabled
WMIR,GuestMobile,EMPTY,Enabled
WMIR,GuestWS,EMPTY,Enabled
WMIR,Guests,EMPTY,Enabled
WMIR,JuanP,EMPTY,Enabled
WMIR,LAB1,EMPTY,Enabled
WMIR,LAB2,EMPTY,Enabled
WMIR,Lorenzo,EMPTY,Enabled
WMIR,Luis,EMPTY,Enabled
WMIR,MM,EMPTY,Enabled
WMIR,MariLuz,EMPTY,Enabled
WMIR,PACO,EMPTY,Enabled
WMIR,PRINT,EMPTY,Enabled
WMIR,Quarantined_Systems,EMPTY,Enabled
WMIR,REPSOL,EMPTY,Enabled
WMIR,TESTSGT21,EMPTY,Enabled
WMIR,TESTSGT22,EMPTY,Enabled
WMIR,TESTSGT23,EMPTY,Enabled
WMIR,TESTSGT3,EMPTY,Enabled
WMIR,TESTSGT4,EMPTY,Enabled
WMIR,TESTSGT5,EMPTY,Enabled
WMIR,TESTSGT6,EMPTY,Enabled
WMIR,TESTSGT7,EMPTY,Enabled
WMIR,TESTSGT8,EMPTY,Enabled
WMIR,THIN,EMPTY,Enabled
WMIR,TLF,EMPTY,Enabled
WMIR,TOIP,EMPTY,Enabled
WMIR,UPS,EMPTY,Enabled
WMIR,Unknown,EMPTY,Enabled
WMIR,VISIT,EMPTY,Enabled
WMIR,WCOR,EMPTY,Enabled
WMIR,WGUEST,EMPTY,Enabled
WMIR,WINT,EMPTY,Enabled
WMIR,WMIR,EMPTY,Enabled
WMIR,WPDA,EMPTY,Enabled
WMIR,WVOIP,EMPTY,Enabled
WMIR,asier,EMPTY,Enabled
WMIR,dddd,EMPTY,Enabled
WMIR,istvan,EMPTY,Enabled
WMIR,istvan3,EMPTY,Enabled
WPDA,AP,EMPTY,Enabled
WPDA,AUT,EMPTY,Enabled
WPDA,Abelardo,EMPTY,Enabled
WPDA,COR,EMPTY,Enabled
WPDA,EKO,EMPTY,Enabled
WPDA,EXT,EMPTY,Enabled
WPDA,FMC,EMPTY,Enabled
WPDA,GuestMobile,EMPTY,Enabled
WPDA,GuestWS,EMPTY,Enabled
WPDA,Guests,EMPTY,Enabled
WPDA,JuanP,EMPTY,Enabled
WPDA,LAB1,EMPTY,Enabled
WPDA,LAB2,EMPTY,Enabled
WPDA,Lorenzo,EMPTY,Enabled
WPDA,Luis,EMPTY,Enabled
WPDA,MM,EMPTY,Enabled
WPDA,MariLuz,EMPTY,Enabled
WPDA,PACO,EMPTY,Enabled
WPDA,PRINT,EMPTY,Enabled
WPDA,Quarantined_Systems,EMPTY,Enabled
WPDA,REPSOL,EMPTY,Enabled
WPDA,TESTSGT21,EMPTY,Enabled
WPDA,TESTSGT22,EMPTY,Enabled
WPDA,TESTSGT23,EMPTY,Enabled
WPDA,TESTSGT3,EMPTY,Enabled
WPDA,TESTSGT4,EMPTY,Enabled
WPDA,TESTSGT5,EMPTY,Enabled
WPDA,TESTSGT6,EMPTY,Enabled
WPDA,TESTSGT7,EMPTY,Enabled
WPDA,TESTSGT8,EMPTY,Enabled
WPDA,THIN,EMPTY,Enabled
WPDA,TLF,EMPTY,Enabled
WPDA,TOIP,EMPTY,Enabled
WPDA,UPS,EMPTY,Enabled
WPDA,Unknown,EMPTY,Enabled
WPDA,VISIT,EMPTY,Enabled
WPDA,WCOR,EMPTY,Enabled
WPDA,WGUEST,EMPTY,Enabled
WPDA,WINT,EMPTY,Enabled
WPDA,WMIR,EMPTY,Enabled
WPDA,WPDA,EMPTY,Enabled
WPDA,WVOIP,EMPTY,Enabled
WPDA,asier,EMPTY,Enabled
WPDA,dddd,EMPTY,Enabled
WPDA,istvan,EMPTY,Enabled
WPDA,istvan3,EMPTY,Enabled
WVOIP,AP,EMPTY,Enabled
WVOIP,AUT,EMPTY,Enabled
WVOIP,Abelardo,EMPTY,Enabled
WVOIP,COR,EMPTY,Enabled
WVOIP,EKO,EMPTY,Enabled
WVOIP,EXT,EMPTY,Enabled
WVOIP,FMC,EMPTY,Enabled
WVOIP,GuestMobile,EMPTY,Enabled
WVOIP,GuestWS,EMPTY,Enabled
WVOIP,Guests,EMPTY,Enabled
WVOIP,JuanP,EMPTY,Enabled
WVOIP,LAB1,EMPTY,Enabled
WVOIP,LAB2,EMPTY,Enabled
WVOIP,Lorenzo,EMPTY,Enabled
WVOIP,Luis,EMPTY,Enabled
WVOIP,MM,EMPTY,Enabled
WVOIP,MariLuz,EMPTY,Enabled
WVOIP,PACO,EMPTY,Enabled
WVOIP,PRINT,EMPTY,Enabled
WVOIP,Quarantined_Systems,EMPTY,Enabled
WVOIP,REPSOL,EMPTY,Enabled
WVOIP,TESTSGT21,EMPTY,Enabled
WVOIP,TESTSGT22,EMPTY,Enabled
WVOIP,TESTSGT23,EMPTY,Enabled
WVOIP,TESTSGT3,EMPTY,Enabled
WVOIP,TESTSGT4,EMPTY,Enabled
WVOIP,TESTSGT5,EMPTY,Enabled
WVOIP,TESTSGT6,EMPTY,Enabled
WVOIP,TESTSGT7,EMPTY,Enabled
WVOIP,TESTSGT8,EMPTY,Enabled
WVOIP,THIN,EMPTY,Enabled
WVOIP,TLF,EMPTY,Enabled
WVOIP,TOIP,EMPTY,Enabled
WVOIP,UPS,EMPTY,Enabled
WVOIP,Unknown,EMPTY,Enabled
WVOIP,VISIT,EMPTY,Enabled
WVOIP,WCOR,EMPTY,Enabled
WVOIP,WGUEST,EMPTY,Enabled
WVOIP,WINT,EMPTY,Enabled
WVOIP,WMIR,EMPTY,Enabled
WVOIP,WPDA,EMPTY,Enabled
WVOIP,WVOIP,EMPTY,Enabled
WVOIP,asier,EMPTY,Enabled
WVOIP,dddd,EMPTY,Enabled
WVOIP,istvan,EMPTY,Enabled
WVOIP,istvan3,EMPTY,Enabled
asier,AP,EMPTY,Enabled
asier,AUT,EMPTY,Enabled
asier,Abelardo,Permit IP,Enabled
asier,COR,EMPTY,Enabled
asier,EKO,EMPTY,Enabled
asier,EXT,EMPTY,Enabled
asier,FMC,EMPTY,Enabled
asier,GuestMobile,EMPTY,Enabled
asier,GuestWS,EMPTY,Enabled
asier,Guests,EMPTY,Enabled
asier,JuanP,EMPTY,Enabled
asier,LAB1,EMPTY,Enabled
asier,LAB2,EMPTY,Enabled
asier,Lorenzo,EMPTY,Enabled
asier,Luis,EMPTY,Enabled
asier,MM,EMPTY,Enabled
asier,MariLuz,EMPTY,Enabled
asier,PACO,EMPTY,Enabled
asier,PRINT,EMPTY,Enabled
asier,Quarantined_Systems,EMPTY,Enabled
asier,REPSOL,EMPTY,Enabled
asier,TESTSGT21,EMPTY,Enabled
asier,TESTSGT22,EMPTY,Enabled
asier,TESTSGT23,EMPTY,Enabled
asier,TESTSGT3,EMPTY,Enabled
asier,TESTSGT4,EMPTY,Enabled
asier,TESTSGT5,EMPTY,Enabled
asier,TESTSGT6,EMPTY,Enabled
asier,TESTSGT7,EMPTY,Enabled
asier,TESTSGT8,EMPTY,Enabled
asier,THIN,EMPTY,Enabled
asier,TLF,EMPTY,Enabled
asier,TOIP,EMPTY,Enabled
asier,UPS,EMPTY,Enabled
asier,Unknown,EMPTY,Enabled
asier,VISIT,EMPTY,Enabled
asier,WCOR,EMPTY,Enabled
asier,WGUEST,EMPTY,Enabled
asier,WINT,EMPTY,Enabled
asier,WMIR,EMPTY,Enabled
asier,WPDA,EMPTY,Enabled
asier,WVOIP,EMPTY,Enabled
asier,asier,Permit IP,Enabled
asier,dddd,EMPTY,Enabled
asier,istvan,EMPTY,Enabled
asier,istvan3,EMPTY,Enabled
dddd,AP,EMPTY,Enabled
dddd,AUT,EMPTY,Enabled
dddd,Abelardo,EMPTY,Enabled
dddd,COR,EMPTY,Enabled
dddd,EKO,EMPTY,Enabled
dddd,EXT,EMPTY,Enabled
dddd,FMC,EMPTY,Enabled
dddd,GuestMobile,EMPTY,Enabled
dddd,GuestWS,EMPTY,Enabled
dddd,Guests,EMPTY,Enabled
dddd,JuanP,EMPTY,Enabled
dddd,LAB1,EMPTY,Enabled
dddd,LAB2,EMPTY,Enabled
dddd,Lorenzo,EMPTY,Enabled
dddd,Luis,EMPTY,Enabled
dddd,MM,EMPTY,Enabled
dddd,MariLuz,EMPTY,Enabled
dddd,PACO,EMPTY,Enabled
dddd,PRINT,EMPTY,Enabled
dddd,Quarantined_Systems,EMPTY,Enabled
dddd,REPSOL,EMPTY,Enabled
dddd,TESTSGT21,EMPTY,Enabled
dddd,TESTSGT22,EMPTY,Enabled
dddd,TESTSGT23,EMPTY,Enabled
dddd,TESTSGT3,EMPTY,Enabled
dddd,TESTSGT4,EMPTY,Enabled
dddd,TESTSGT5,EMPTY,Enabled
dddd,TESTSGT6,EMPTY,Enabled
dddd,TESTSGT7,EMPTY,Enabled
dddd,TESTSGT8,EMPTY,Enabled
dddd,THIN,EMPTY,Enabled
dddd,TLF,EMPTY,Enabled
dddd,TOIP,EMPTY,Enabled
dddd,UPS,EMPTY,Enabled
dddd,Unknown,EMPTY,Enabled
dddd,VISIT,EMPTY,Enabled
dddd,WCOR,EMPTY,Enabled
dddd,WGUEST,EMPTY,Enabled
dddd,WINT,EMPTY,Enabled
dddd,WMIR,EMPTY,Enabled
dddd,WPDA,EMPTY,Enabled
dddd,WVOIP,EMPTY,Enabled
dddd,asier,EMPTY,Enabled
dddd,dddd,EMPTY,Enabled
dddd,istvan,EMPTY,Enabled
dddd,istvan3,EMPTY,Enabled
istvan,AP,EMPTY,Enabled
istvan,AUT,EMPTY,Enabled
istvan,Abelardo,EMPTY,Enabled
istvan,COR,EMPTY,Enabled
istvan,EKO,EMPTY,Enabled
istvan,EXT,EMPTY,Enabled
istvan,FMC,EMPTY,Enabled
istvan,GuestMobile,EMPTY,Enabled
istvan,GuestWS,EMPTY,Enabled
istvan,Guests,EMPTY,Enabled
istvan,JuanP,EMPTY,Enabled
istvan,LAB1,EMPTY,Enabled
istvan,LAB2,EMPTY,Enabled
istvan,Lorenzo,EMPTY,Enabled
istvan,Luis,EMPTY,Enabled
istvan,MM,EMPTY,Enabled
istvan,MariLuz,EMPTY,Enabled
istvan,PACO,EMPTY,Enabled
istvan,PRINT,EMPTY,Enabled
istvan,Quarantined_Systems,EMPTY,Enabled
istvan,REPSOL,EMPTY,Enabled
istvan,TESTSGT21,EMPTY,Enabled
istvan,TESTSGT22,EMPTY,Enabled
istvan,TESTSGT23,EMPTY,Enabled
istvan,TESTSGT3,EMPTY,Enabled
istvan,TESTSGT4,EMPTY,Enabled
istvan,TESTSGT5,EMPTY,Enabled
istvan,TESTSGT6,EMPTY,Enabled
istvan,TESTSGT7,EMPTY,Enabled
istvan,TESTSGT8,EMPTY,Enabled
istvan,THIN,EMPTY,Enabled
istvan,TLF,EMPTY,Enabled
istvan,TOIP,EMPTY,Enabled
istvan,UPS,EMPTY,Enabled
istvan,Unknown,EMPTY,Enabled
istvan,VISIT,EMPTY,Enabled
istvan,WCOR,EMPTY,Enabled
istvan,WGUEST,EMPTY,Enabled
istvan,WINT,EMPTY,Enabled
istvan,WMIR,EMPTY,Enabled
istvan,WPDA,EMPTY,Enabled
istvan,WVOIP,EMPTY,Enabled
istvan,asier,EMPTY,Enabled
istvan,dddd,EMPTY,Enabled
istvan,istvan,EMPTY,Enabled
istvan,istvan3,EMPTY,Enabled
istvan3,AP,EMPTY,Enabled
istvan3,AUT,EMPTY,Enabled
istvan3,Abelardo,EMPTY,Enabled
istvan3,COR,EMPTY,Enabled
istvan3,EKO,EMPTY,Enabled
istvan3,EXT,EMPTY,Enabled
istvan3,FMC,EMPTY,Enabled
istvan3,GuestMobile,EMPTY,Enabled
istvan3,GuestWS,EMPTY,Enabled
istvan3,Guests,EMPTY,Enabled
istvan3,JuanP,EMPTY,Enabled
istvan3,LAB1,EMPTY,Enabled
istvan3,LAB2,EMPTY,Enabled
istvan3,Lorenzo,EMPTY,Enabled
istvan3,Luis,EMPTY,Enabled
istvan3,MM,EMPTY,Enabled
istvan3,MariLuz,EMPTY,Enabled
istvan3,PACO,EMPTY,Enabled
istvan3,PRINT,EMPTY,Enabled
istvan3,Quarantined_Systems,EMPTY,Enabled
istvan3,REPSOL,EMPTY,Enabled
istvan3,TESTSGT21,EMPTY,Enabled
istvan3,TESTSGT22,EMPTY,Enabled
istvan3,TESTSGT23,EMPTY,Enabled
istvan3,TESTSGT3,EMPTY,Enabled
istvan3,TESTSGT4,EMPTY,Enabled
istvan3,TESTSGT5,EMPTY,Enabled
istvan3,TESTSGT6,EMPTY,Enabled
istvan3,TESTSGT7,EMPTY,Enabled
istvan3,TESTSGT8,EMPTY,Enabled
istvan3,THIN,EMPTY,Enabled
istvan3,TLF,EMPTY,Enabled
istvan3,TOIP,EMPTY,Enabled
istvan3,UPS,EMPTY,Enabled
istvan3,Unknown,EMPTY,Enabled
istvan3,VISIT,EMPTY,Enabled
istvan3,WCOR,EMPTY,Enabled
istvan3,WGUEST,EMPTY,Enabled
istvan3,WINT,EMPTY,Enabled
istvan3,WMIR,EMPTY,Enabled
istvan3,WPDA,EMPTY,Enabled
istvan3,WVOIP,EMPTY,Enabled
istvan3,asier,EMPTY,Enabled
istvan3,dddd,EMPTY,Enabled
istvan3,istvan,EMPTY,Enabled
istvan3,istvan3,EMPTY,Enabled
